Tournament,Season,Format,Team_Name,Team_ID,Division_ID,Final_Position,Finish_Type,Position,Champion,Runner_Up,Division_Position,Pool_Label,Matches_Played,Wins,Losses,Ties,No_Results,Points,Net_Run_Rate
Women's Provincial League 2005/06,05/06,List A,Badgers,BADG,D1,,ELIMINATED_POOL_STAGE,6,0,0,6,Group B,12,1,8,0,1,15,-2.417
Women's Provincial League 2005/06,05/06,List A,Boland,BOLA,D1,2,RUNNER_UP,2,0,1,1,Group B,12,10,2,0,0,59,1.674
Women's Provincial League 2005/06,05/06,List A,Dolphins,DOLP,D1,,SEMI_FINALIST,1,0,0,1,Group A,10,8,0,0,0,59,2.172
Women's Provincial League 2005/06,05/06,List A,Dragons,DRAG,D1,,ELIMINATED_POOL_STAGE,6,0,0,6,Group A,10,1,7,0,0,12,-1.629
Women's Provincial League 2005/06,05/06,List A,Heat,HEAT,D1,,ELIMINATED_POOL_STAGE,7,0,0,7,Group B,12,1,11,0,0,6,-2.63
Women's Provincial League 2005/06,05/06,List A,Iinyathi,IINY,D1,,ELIMINATED_POOL_STAGE,4,0,0,4,Group B,12,6,5,0,0,43,0.733
Women's Provincial League 2005/06,05/06,List A,Knights,KNIG,D1,,ELIMINATED_POOL_STAGE,5,0,0,5,Group B,12,6,5,0,0,38,0.263
Women's Provincial League 2005/06,05/06,List A,Limpopo Lillies,LIMP,D1,,ELIMINATED_POOL_STAGE,4,0,0,4,Group A,10,2,2,0,1,23,-0.321
Women's Provincial League 2005/06,05/06,List A,Lions,LION,D1,,ELIMINATED_POOL_STAGE,3,0,0,3,Group A,10,5,4,0,1,35,0.58
Women's Provincial League 2005/06,05/06,List A,Rhinos,RHIN,D1,,ELIMINATED_POOL_STAGE,5,0,0,5,Group A,10,2,7,0,0,14,-1.38
Women's Provincial League 2005/06,05/06,List A,Titans,TITA,D1,,SEMI_FINALIST,2,0,0,2,Group A,10,6,4,0,0,37,0.45
Women's Provincial League 2005/06,05/06,List A,Warriors,EAST,D1,,ELIMINATED_POOL_STAGE,3,0,0,3,Group B,12,7,4,0,1,44,0.409
Women's Provincial League 2005/06,05/06,List A,Western Province,WEST,D1,1,CHAMPION,1,1,0,2,Group B,12,7,3,0,0,47,0.809
Women's Provincial League 2006/07,06/07,List A,Badgers,BADG,D1,,ELIMINATED_POOL_STAGE,4,0,0,4,Coastal,12,6,6,0,0,27,-0.492
Women's Provincial League 2006/07,06/07,List A,Boland,BOLA,D1,2,RUNNER_UP,2,0,1,1,Coastal,12,12,0,0,0,58,1.351
Women's Provincial League 2006/07,06/07,List A,Dolphins,DOLP,D1,,SEMI_FINALIST,2,0,0,2,Inland,12,9,2,0,0,44,0.579
Women's Provincial League 2006/07,06/07,List A,Dragons,DRAG,D1,,ELIMINATED_POOL_STAGE,4,0,0,4,Inland,12,6,6,0,0,25,-0.734
Women's Provincial League 2006/07,06/07,List A,Heat,HEAT,D1,,ELIMINATED_POOL_STAGE,7,0,0,7,Coastal,12,0,11,0,0,2,-2.04
Women's Provincial League 2006/07,06/07,List A,Iinyathi,IINY,D1,,ELIMINATED_POOL_STAGE,3,0,0,3,Coastal,12,8,4,0,0,39,0.551
Women's Provincial League 2006/07,06/07,List A,Knights,KNIG,D1,,ELIMINATED_POOL_STAGE,5,0,0,5,Coastal,12,4,8,0,0,18,-0.207
Women's Provincial League 2006/07,06/07,List A,Limpopo Lillies,LIMP,D1,,ELIMINATED_POOL_STAGE,7,0,0,7,Inland,12,0,12,0,0,0,-2.904
Women's Provincial League 2006/07,06/07,List A,Titans,TITA,D1,,SEMI_FINALIST,1,0,0,1,Inland,12,10,1,0,0,48,1.245
Women's Provincial League 2006/07,06/07,List A,Tuskers,TUSK,D1,,ELIMINATED_POOL_STAGE,5,0,0,5,Inland,12,4,7,0,0,21,-0.214
Women's Provincial League 2006/07,06/07,List A,Warriors,EAST,D1,,ELIMINATED_POOL_STAGE,6,0,0,6,Coastal,12,3,8,0,0,17,-0.388
Women's Provincial League 2006/07,06/07,List A,Western Province,WEST,D1,1,CHAMPION,1,1,0,2,Coastal,12,8,4,0,0,39,0.845
Women's Provincial League 2006/07,06/07,List A,Lions,LION,D1,,ELIMINATED_POOL_STAGE,3,0,0,3,Inland,12,7,4,1,0,36,1.339
Women's Provincial League 2006/07,06/07,List A,Rhinos,RHIN,D1,,ELIMINATED_POOL_STAGE,6,0,0,6,Inland,12,3,7,1,0,17,-0.601
Women's Provincial League 2007/08,07/08,List A,Badgers,BADG,D2,7,ELIMINATED_REGULAR_SEASON,7,0,0,7,,7,1,5,0,0,7,-1.451
Women's Provincial League 2007/08,07/08,List A,Boland,BOLA,D1,1,LEAGUE_WINNER,1,1,0,1,,7,7,0,0,0,32,1.081
Women's Provincial League 2007/08,07/08,List A,Dolphins,DOLP,D1,2,ELIMINATED_REGULAR_SEASON,2,0,0,2,,7,4,2,0,0,20,0.369
Women's Provincial League 2007/08,07/08,List A,Dragons,DRAG,D2,5,ELIMINATED_REGULAR_SEASON,5,0,0,5,,7,3,3,0,1,17,-0.398
Women's Provincial League 2007/08,07/08,List A,Eastern Storm,STOR,D2,6,ELIMINATED_REGULAR_SEASON,6,0,0,6,,7,1,4,0,1,8,-2.37
Women's Provincial League 2007/08,07/08,List A,Heat,HEAT,D2,3,ELIMINATED_REGULAR_SEASON,3,0,0,3,,7,4,3,0,0,20,0.322
Women's Provincial League 2007/08,07/08,List A,Iinyathi,IINY,D1,6,ELIMINATED_REGULAR_SEASON,6,0,0,6,,7,1,6,0,0,5,-0.802
Women's Provincial League 2007/08,07/08,List A,Knights,KNIG,D1,4,ELIMINATED_REGULAR_SEASON,4,0,0,4,,7,3,4,0,0,14,0.019
Women's Provincial League 2007/08,07/08,List A,Lions,LION,D1,5,ELIMINATED_REGULAR_SEASON,5,0,0,5,,7,2,5,0,0,8,-0.528
Women's Provincial League 2007/08,07/08,List A,Rhinos,RHIN,D2,8,ELIMINATED_REGULAR_SEASON,8,0,0,8,,7,0,6,0,0,2,-2.417
Women's Provincial League 2007/08,07/08,List A,Titans,TITA,D1,3,ELIMINATED_REGULAR_SEASON,3,0,0,3,,7,3,3,0,0,16,-0.045
Women's Provincial League 2007/08,07/08,List A,Tuskers,TUSK,D2,4,ELIMINATED_REGULAR_SEASON,4,0,0,4,,7,3,2,0,1,19,-0.487
Women's Provincial League 2007/08,07/08,List A,Warriors,EAST,D2,2,ELIMINATED_REGULAR_SEASON,2,0,0,2,,7,5,1,0,1,26,1.281
Women's Provincial League 2007/08,07/08,List A,Western Province,WEST,D2,,POOL_WINNER_ADVANCED,1,0,0,1,,7,7,0,0,0,35,4.654
Women's Provincial League 2008/09,08/09,List A,Badgers,BADG,D2,,ELIMINATED_POOL_STAGE,1,0,0,1,,5,4,0,0,0,21,2.144
Women's Provincial League 2008/09,08/09,List A,Boland,BOLA,D1,2,ELIMINATED_REGULAR_SEASON,2,0,0,2,,7,5,2,0,0,24,1.182
Women's Provincial League 2008/09,08/09,List A,Dolphins,DOLP,D1,4,ELIMINATED_REGULAR_SEASON,4,0,0,4,,7,3,4,0,0,14,-0.032
Women's Provincial League 2008/09,08/09,List A,Dragons,DRAG,D2,3,ELIMINATED_REGULAR_SEASON,3,0,0,3,,5,3,2,0,0,15,1.074
Women's Provincial League 2008/09,08/09,List A,Eastern Storm,STOR,D2,6,ELIMINATED_REGULAR_SEASON,6,0,0,6,,5,0,5,0,0,0,-3.182
Women's Provincial League 2008/09,08/09,List A,Heat,HEAT,D2,5,ELIMINATED_REGULAR_SEASON,5,0,0,5,,5,1,3,0,0,7,-0.631
Women's Provincial League 2008/09,08/09,List A,Iinyathi,IINY,D1,6,ELIMINATED_REGULAR_SEASON,6,0,0,6,,7,2,4,0,1,11,-0.664
Women's Provincial League 2008/09,08/09,List A,Knights,KNIG,D1,7,ELIMINATED_REGULAR_SEASON,7,0,0,7,,7,2,4,0,0,11,-1.051
Women's Provincial League 2008/09,08/09,List A,Lions,LION,D1,3,ELIMINATED_REGULAR_SEASON,3,0,0,3,,7,4,2,0,1,20,0.05
Women's Provincial League 2008/09,08/09,List A,Rhinos,RHIN,D2,4,ELIMINATED_REGULAR_SEASON,4,0,0,4,,5,2,3,0,0,10,-0.73
Women's Provincial League 2008/09,08/09,List A,Titans,TITA,D1,5,ELIMINATED_REGULAR_SEASON,5,0,0,5,,7,3,4,0,0,13,-0.692
Women's Provincial League 2008/09,08/09,List A,Tuskers,TUSK,D2,2,ELIMINATED_REGULAR_SEASON,2,0,0,2,,5,4,1,0,0,20,2.241
Women's Provincial League 2008/09,08/09,List A,Warriors,EAST,D1,,POOL_WINNER_ADVANCED,8,0,0,8,,7,2,5,0,0,10,-0.339
Women's Provincial League 2008/09,08/09,List A,Western Province,WEST,D1,1,LEAGUE_WINNER,1,1,0,1,,7,5,1,0,0,26,1.211
Women's Provincial League 2009/10,09/10,List A,Badgers,BADG,D1,,ELIMINATED_POOL_STAGE,5,0,0,5,West/East,8,1,7,0,0,4,-2.065
Women's Provincial League 2009/10,09/10,List A,Boland,BOLA,D1,,ELIMINATED_POOL_STAGE,2,0,0,2,West/East,8,7,1,0,0,33,0.916
Women's Provincial League 2009/10,09/10,List A,Dolphins,DOLP,D1,1,CHAMPION,1,1,0,1,Central,8,8,0,0,0,40,3.211
Women's Provincial League 2009/10,09/10,List A,Dragons,DRAG,D1,,ELIMINATED_POOL_STAGE,4,0,0,4,Central,8,2,5,0,0,12,-1.185
Women's Provincial League 2009/10,09/10,List A,Eastern Storm,STOR,D1,,ELIMINATED_POOL_STAGE,4,0,0,4,Highveld,6,0,4,0,0,4,-4.611
Women's Provincial League 2009/10,09/10,List A,Heat,HEAT,D1,,ELIMINATED_POOL_STAGE,5,0,0,5,Central,8,1,7,0,0,5,-2.152
Women's Provincial League 2009/10,09/10,List A,Iinyathi,IINY,D1,,ELIMINATED_POOL_STAGE,4,0,0,4,West/East,8,2,6,0,0,9,-0.422
Women's Provincial League 2009/10,09/10,List A,Knights,KNIG,D1,,ELIMINATED_POOL_STAGE,2,0,0,2,Central,8,4,3,0,0,22,1.039
Women's Provincial League 2009/10,09/10,List A,Lions,LION,D1,,SEMI_FINALIST,1,0,0,1,Highveld,6,5,0,0,0,25,1.794
Women's Provincial League 2009/10,09/10,List A,Rhinos,RHIN,D1,,ELIMINATED_POOL_STAGE,3,0,0,3,Highveld,6,1,4,0,0,7,-2.279
Women's Provincial League 2009/10,09/10,List A,Titans,TITA,D1,,SEMI_FINALIST,2,0,0,2,Highveld,6,4,2,0,0,20,3.059
Women's Provincial League 2009/10,09/10,List A,Tuskers,TUSK,D1,,ELIMINATED_POOL_STAGE,3,0,0,3,Central,8,4,4,0,0,20,-0.685
Women's Provincial League 2009/10,09/10,List A,Warriors,EAST,D1,,ELIMINATED_POOL_STAGE,3,0,0,3,West/East,8,3,5,0,0,13,-0.619
Women's Provincial League 2009/10,09/10,List A,Western Province,WEST,D1,2,RUNNER_UP,2,0,1,1,West/East,8,7,1,0,0,35,2.42
CSA Women's Provincial League 2010/11,10/11,List A,Badgers,BADG,D1,,ELIMINATED_POOL_STAGE,5,0,0,5,West/East,10,2,8,0,0,10,-0.561
CSA Women's Provincial League 2010/11,10/11,List A,Boland,BOLA,D1,,SEMI_FINALIST,1,0,0,1,West/East,10,9,0,0,0,46,4.095
CSA Women's Provincial League 2010/11,10/11,List A,Dolphins,DOLP,D1,2,RUNNER_UP,2,0,1,1,Central,8,7,0,0,1,37,2.628
CSA Women's Provincial League 2010/11,10/11,List A,Dragons,DRAG,D1,,ELIMINATED_POOL_STAGE,5,0,0,5,Central,8,1,6,0,1,7,-2.479
CSA Women's Provincial League 2010/11,10/11,List A,Eastern Storm,STOR,D1,,ELIMINATED_POOL_STAGE,5,0,0,5,Highveld,8,1,7,0,0,5,-2.539
CSA Women's Provincial League 2010/11,10/11,List A,Heat,HEAT,D1,,ELIMINATED_POOL_STAGE,2,0,0,2,Central,8,5,3,0,0,24,1.246
CSA Women's Provincial League 2010/11,10/11,List A,Iinyathi,IINY,D1,,ELIMINATED_POOL_STAGE,3,0,0,3,West/East,10,5,3,0,0,29,0.95
CSA Women's Provincial League 2010/11,10/11,List A,Kei,KEI,D1,,ELIMINATED_POOL_STAGE,6,0,0,6,West/East,10,0,10,0,0,0,-7.274
CSA Women's Provincial League 2010/11,10/11,List A,Knights,KNIG,D1,,ELIMINATED_POOL_STAGE,3,0,0,3,Central,8,3,5,0,0,14,-0.723
CSA Women's Provincial League 2010/11,10/11,List A,Limpopo Lillies,LIMP,D1,,ELIMINATED_POOL_STAGE,3,0,0,3,Highveld,8,3,5,0,0,14,-3.058
CSA Women's Provincial League 2010/11,10/11,List A,Lions,LION,D1,,SEMI_FINALIST,1,0,0,1,Highveld,8,7,1,0,0,35,3.64
CSA Women's Provincial League 2010/11,10/11,List A,Rhinos,RHIN,D1,,ELIMINATED_POOL_STAGE,4,0,0,4,Highveld,8,2,5,0,0,12,-1.663
CSA Women's Provincial League 2010/11,10/11,List A,Titans,TITA,D1,1,CHAMPION,1,1,0,2,Highveld,8,6,1,0,0,32,4.387
CSA Women's Provincial League 2010/11,10/11,List A,Tuskers,TUSK,D1,,ELIMINATED_POOL_STAGE,4,0,0,4,Central,8,3,5,0,0,13,-0.813
CSA Women's Provincial League 2010/11,10/11,List A,Warriors,EAST,D1,,ELIMINATED_POOL_STAGE,4,0,0,4,West/East,10,5,5,0,0,25,1.193
CSA Women's Provincial League 2010/11,10/11,List A,Western Province,WEST,D1,,ELIMINATED_POOL_STAGE,2,0,0,2,West/East,10,7,2,0,0,37,3.061
CSA Women's Provincial League 2011/12,11/12,List A,Badgers,BADG,D1,,ELIMINATED_POOL_STAGE,5,0,0,5,West/East,10,4,6,0,0,19,0.209
CSA Women's Provincial League 2011/12,11/12,List A,Boland,BOLA,D1,,SEMI_FINALIST,2,0,0,2,West/East,10,7,3,0,0,35,2.664
CSA Women's Provincial League 2011/12,11/12,List A,Dolphins,DOLP,D1,,SEMI_FINALIST,1,0,0,1,Central,8,7,1,0,0,35,3.124
CSA Women's Provincial League 2011/12,11/12,List A,Dragons,DRAG,D1,,ELIMINATED_POOL_STAGE,4,0,0,4,Central,8,2,6,0,0,10,-0.821
CSA Women's Provincial League 2011/12,11/12,List A,Eastern Storm,STOR,D1,,ELIMINATED_POOL_STAGE,3,0,0,3,Highveld,8,3,5,0,0,15,-1.47
CSA Women's Provincial League 2011/12,11/12,List A,Heat,HEAT,D1,,ELIMINATED_POOL_STAGE,2,0,0,2,Central,8,5,3,0,0,23,0.494
CSA Women's Provincial League 2011/12,11/12,List A,Iinyathi,IINY,D1,,ELIMINATED_POOL_STAGE,4,0,0,4,West/East,10,4,5,0,0,21,0.149
CSA Women's Provincial League 2011/12,11/12,List A,Kei,KEI,D1,,ELIMINATED_POOL_STAGE,6,0,0,6,West/East,10,0,10,0,0,0,-6.858
CSA Women's Provincial League 2011/12,11/12,List A,Knights,KNIG,D1,,ELIMINATED_POOL_STAGE,5,0,0,5,Central,8,1,6,0,1,7,-2.353
CSA Women's Provincial League 2011/12,11/12,List A,Limpopo Lillies,LIMP,D1,,ELIMINATED_POOL_STAGE,5,0,0,5,Highveld,8,1,7,0,0,5,-3.862
CSA Women's Provincial League 2011/12,11/12,List A,Lions,LION,D1,,ELIMINATED_POOL_STAGE,2,0,0,2,Highveld,8,5,2,0,1,27,2.38
CSA Women's Provincial League 2011/12,11/12,List A,Rhinos,RHIN,D1,,ELIMINATED_POOL_STAGE,4,0,0,4,Highveld,8,2,5,0,1,11,-2.031
CSA Women's Provincial League 2011/12,11/12,List A,Titans,TITA,D1,1,CHAMPION,1,1,0,1,Highveld,8,8,0,0,0,40,4.678
CSA Women's Provincial League 2011/12,11/12,List A,Tuskers,TUSK,D1,,ELIMINATED_POOL_STAGE,3,0,0,3,Central,8,4,3,0,1,21,-0.525
CSA Women's Provincial League 2011/12,11/12,List A,Warriors,EAST,D1,,ELIMINATED_POOL_STAGE,3,0,0,3,West/East,10,4,5,0,0,21,0.416
CSA Women's Provincial League 2011/12,11/12,List A,Western Province,WEST,D1,2,RUNNER_UP,2,0,1,1,West/East,10,10,0,0,0,50,3.263
CSA Women's Provincial T20 Competition 2012/13,12/13,T20,Badgers,BADG,D1,,ELIMINATED_POOL_STAGE,3,0,0,3,Group A,2,0,2,0,0,0,-1.52
CSA Women's Provincial League 2012/13,12/13,List A,Badgers,BADG,D1,,ELIMINATED_POOL_STAGE,4,0,0,4,West/East,10,4,6,0,0,18,-0.168
CSA Women's Provincial T20 Competition 2012/13,12/13,T20,Boland,BOLA,D1,,ELIMINATED_POOL_STAGE,2,0,0,2,Group A,2,1,1,0,0,5,0.325
CSA Women's Provincial League 2012/13,12/13,List A,Boland,BOLA,D1,,ELIMINATED_POOL_STAGE,2,0,0,2,West/East,10,7,2,0,1,37,2.484
CSA Women's Provincial T20 Competition 2012/13,12/13,T20,Dolphins,DOLP,D1,,ELIMINATED_POOL_STAGE,2,0,0,2,Group C,3,2,1,0,0,10,1.338
CSA Women's Provincial League 2012/13,12/13,List A,Dolphins,DOLP,D1,,SEMI_FINALIST,1,0,0,1,Central,8,6,1,0,1,32,1.264
CSA Women's Provincial T20 Competition 2012/13,12/13,T20,Dragons,DRAG,D1,,ELIMINATED_POOL_STAGE,3,0,0,3,Group D,5,3,1,0,0,16,2.486
CSA Women's Provincial League 2012/13,12/13,List A,Dragons,DRAG,D1,,ELIMINATED_POOL_STAGE,3,0,0,3,Central,8,5,3,0,0,25,2.008
CSA Women's Provincial T20 Competition 2012/13,12/13,T20,Eastern Storm,STOR,D1,,ELIMINATED_POOL_STAGE,4,0,0,4,Group D,5,2,3,0,0,9,-1.199
CSA Women's Provincial League 2012/13,12/13,List A,Eastern Storm,STOR,D1,,ELIMINATED_POOL_STAGE,3,0,0,3,Highveld,8,5,3,0,0,25,0.586
CSA Women's Provincial T20 Competition 2012/13,12/13,T20,Heat,HEAT,D1,,ELIMINATED_POOL_STAGE,3,0,0,3,Group C,3,1,2,0,0,5,-0.113
CSA Women's Provincial League 2012/13,12/13,List A,Heat,HEAT,D1,,ELIMINATED_POOL_STAGE,4,0,0,4,Central,8,2,5,0,0,10,-1.776
CSA Women's Provincial T20 Competition 2012/13,12/13,T20,Iinyathi,IINY,D1,3,THIRD_PLACE,3,0,0,1,Group B,2,1,0,0,0,7,1.783
CSA Women's Provincial League 2012/13,12/13,List A,Iinyathi,IINY,D1,,ELIMINATED_POOL_STAGE,5,0,0,5,West/East,10,2,7,0,0,11,-0.534
CSA Women's Provincial T20 Competition 2012/13,12/13,T20,Kei,KEI,D1,,ELIMINATED_POOL_STAGE,3,0,0,3,Group B,2,0,1,0,0,2,-7.9
CSA Women's Provincial League 2012/13,12/13,List A,Kei,KEI,D1,,ELIMINATED_POOL_STAGE,6,0,0,6,West/East,10,0,9,0,0,2,-5.195
CSA Women's Provincial T20 Competition 2012/13,12/13,T20,Knights,KNIG,D1,4,SEMI_FINALIST,4,0,0,1,Group C,3,3,0,0,0,14,1.823
CSA Women's Provincial League 2012/13,12/13,List A,Knights,KNIG,D1,,ELIMINATED_POOL_STAGE,2,0,0,2,Central,8,5,2,0,1,26,0.212
CSA Women's Provincial T20 Competition 2012/13,12/13,T20,Limpopo Lillies,LIMP,D1,,ELIMINATED_POOL_STAGE,5,0,0,5,Group D,5,0,3,0,0,4,-3.567
CSA Women's Provincial League 2012/13,12/13,List A,Limpopo Lillies,LIMP,D1,,ELIMINATED_POOL_STAGE,4,0,0,4,Highveld,8,2,6,0,0,8,-3.401
CSA Women's Provincial T20 Competition 2012/13,12/13,T20,Lions,LION,D1,2,RUNNER_UP,2,0,1,1,Group D,5,4,1,0,0,20,3.791
CSA Women's Provincial League 2012/13,12/13,List A,Lions,LION,D1,2,RUNNER_UP,2,0,1,1,Highveld,8,7,1,0,0,34,2.026
CSA Women's Provincial League 2012/13,12/13,List A,Rhinos,RHIN,D1,,ELIMINATED_POOL_STAGE,5,0,0,5,Highveld,8,0,8,0,0,0,-3.166
CSA Women's Provincial T20 Competition 2012/13,12/13,T20,Rhinos,RHIN,D1,,ELIMINATED_POOL_STAGE,6,0,0,6,Group D,5,0,4,0,0,2,-4.698
CSA Women's Provincial T20 Competition 2012/13,12/13,T20,Titans,TITA,D1,,ELIMINATED_POOL_STAGE,2,0,0,2,Group D,5,4,1,0,0,18,1.09
CSA Women's Provincial League 2012/13,12/13,List A,Titans,TITA,D1,,SEMI_FINALIST,2,0,0,2,Highveld,8,6,2,0,0,30,2.448
CSA Women's Provincial T20 Competition 2012/13,12/13,T20,Tuskers,TUSK,D1,,ELIMINATED_POOL_STAGE,4,0,0,4,Group C,3,0,3,0,0,0,-3.212
CSA Women's Provincial League 2012/13,12/13,List A,Tuskers,TUSK,D1,,ELIMINATED_POOL_STAGE,5,0,0,5,Central,8,0,7,0,0,2,-2.175
CSA Women's Provincial T20 Competition 2012/13,12/13,T20,Warriors,EAST,D1,,ELIMINATED_POOL_STAGE,2,0,0,2,Group B,2,1,1,0,0,5,3.361
CSA Women's Provincial League 2012/13,12/13,List A,Warriors,EAST,D1,,ELIMINATED_POOL_STAGE,3,0,0,3,West/East,10,7,2,0,1,35,1.455
CSA Women's Provincial T20 Competition 2012/13,12/13,T20,Western Province,WEST,D1,1,CHAMPION,1,1,0,1,Group A,2,2,0,0,0,10,1
CSA Women's Provincial League 2012/13,12/13,List A,Western Province,WEST,D1,1,CHAMPION,1,1,0,1,West/East,10,8,2,0,0,39,2.201
CSA Women's Provincial T20 Competition 2013/14,13/14,T20,Badgers,BADG,D1,,ELIMINATED_POOL_STAGE,3,0,0,3,Group A,2,0,2,0,0,0,-2.675
CSA Women's Provincial League 2013/14,13/14,List A,Badgers,BADG,D1,,ELIMINATED_POOL_STAGE,5,0,0,5,West/East,10,2,7,0,0,12,-1.689
CSA Women's Provincial T20 Competition 2013/14,13/14,T20,Boland,BOLA,D1,1,CHAMPION,1,1,0,1,Group A,2,2,0,0,0,9,1.435
CSA Women's Provincial League 2013/14,13/14,List A,Boland,BOLA,D1,,ELIMINATED_POOL_STAGE,2,0,0,2,West/East,10,8,2,0,0,38,2.527
CSA Women's Provincial T20 Competition 2013/14,13/14,T20,Dolphins,DOLP,D1,3,THIRD_PLACE,3,0,0,1,Group C,3,3,0,0,0,15,3.975
CSA Women's Provincial League 2013/14,13/14,List A,Dolphins,DOLP,D1,2,RUNNER_UP,2,0,1,1,Central,8,7,0,0,0,37,2.655
CSA Women's Provincial T20 Competition 2013/14,13/14,T20,Dragons,DRAG,D1,,ELIMINATED_POOL_STAGE,3,0,0,3,Group D,5,3,2,0,0,14,2.954
CSA Women's Provincial League 2013/14,13/14,List A,Dragons,DRAG,D1,,ELIMINATED_POOL_STAGE,2,0,0,2,Central,8,4,2,0,1,24,0.884
CSA Women's Provincial T20 Competition 2013/14,13/14,T20,Eastern Storm,STOR,D1,,ELIMINATED_POOL_STAGE,4,0,0,4,Group D,5,2,3,0,0,10,0.906
CSA Women's Provincial League 2013/14,13/14,List A,Eastern Storm,STOR,D1,,ELIMINATED_POOL_STAGE,3,0,0,3,Highveld,8,4,4,0,0,18,-0.346
CSA Women's Provincial T20 Competition 2013/14,13/14,T20,Heat,HEAT,D1,,ELIMINATED_POOL_STAGE,4,0,0,4,Group C,3,0,3,0,0,0,-2.48
CSA Women's Provincial League 2013/14,13/14,List A,Heat,HEAT,D1,,ELIMINATED_POOL_STAGE,3,0,0,3,Central,8,3,5,0,0,15,-1.923
CSA Women's Provincial T20 Competition 2013/14,13/14,T20,Iinyathi,IINY,D1,,ELIMINATED_POOL_STAGE,2,0,0,2,Group B,2,1,0,0,0,7,6.169
CSA Women's Provincial League 2013/14,13/14,List A,Iinyathi,IINY,D1,,ELIMINATED_POOL_STAGE,3,0,0,3,West/East,10,6,4,0,0,29,0.462
CSA Women's Provincial T20 Competition 2013/14,13/14,T20,Kei,KEI,D1,,ELIMINATED_POOL_STAGE,3,0,0,3,Group B,2,0,2,0,0,0,-7.388
CSA Women's Provincial League 2013/14,13/14,List A,Kei,KEI,D1,,ELIMINATED_POOL_STAGE,6,0,0,6,West/East,10,0,10,0,0,0,-4.838
CSA Women's Provincial T20 Competition 2013/14,13/14,T20,Knights,KNIG,D1,,ELIMINATED_POOL_STAGE,2,0,0,2,Group C,3,2,1,0,0,9,0.976
CSA Women's Provincial League 2013/14,13/14,List A,Knights,KNIG,D1,,ELIMINATED_POOL_STAGE,4,0,0,4,Central,8,1,4,0,0,11,-0.498
CSA Women's Provincial T20 Competition 2013/14,13/14,T20,Limpopo Lillies,LIMP,D1,,ELIMINATED_POOL_STAGE,6,0,0,6,Group D,5,0,4,0,0,2,-5.612
CSA Women's Provincial League 2013/14,13/14,List A,Limpopo Lillies,LIMP,D1,,ELIMINATED_POOL_STAGE,5,0,0,5,Highveld,8,1,7,0,0,5,-2.335
CSA Women's Provincial T20 Competition 2013/14,13/14,T20,Lions,LION,D1,,ELIMINATED_POOL_STAGE,2,0,0,2,Group D,5,4,1,0,0,18,1.447
CSA Women's Provincial League 2013/14,13/14,List A,Lions,LION,D1,,SEMI_FINALIST,1,0,0,1,Highveld,8,7,1,0,0,35,2.003
CSA Women's Provincial T20 Competition 2013/14,13/14,T20,Rhinos,RHIN,D1,,ELIMINATED_POOL_STAGE,5,0,0,5,Group D,5,0,3,0,0,4,-4.575
CSA Women's Provincial League 2013/14,13/14,List A,Rhinos,RHIN,D1,,ELIMINATED_POOL_STAGE,4,0,0,4,Highveld,8,1,7,0,0,5,-1.556
CSA Women's Provincial T20 Competition 2013/14,13/14,T20,Titans,TITA,D1,2,RUNNER_UP,2,0,1,1,Group D,5,4,0,0,0,21,2.128
CSA Women's Provincial League 2013/14,13/14,List A,Titans,TITA,D1,,SEMI_FINALIST,2,0,0,2,Highveld,8,7,1,0,0,34,2.425
CSA Women's Provincial T20 Competition 2013/14,13/14,T20,Tuskers,TUSK,D1,,ELIMINATED_POOL_STAGE,3,0,0,3,Group C,3,1,2,0,0,4,-2.399
CSA Women's Provincial League 2013/14,13/14,List A,Tuskers,TUSK,D1,,ELIMINATED_POOL_STAGE,5,0,0,5,Central,8,1,5,0,1,9,-0.87
CSA Women's Provincial T20 Competition 2013/14,13/14,T20,Warriors,EAST,D1,4,SEMI_FINALIST,4,0,0,1,Group B,2,1,0,0,0,7,8.45
CSA Women's Provincial League 2013/14,13/14,List A,Warriors,EAST,D1,,ELIMINATED_POOL_STAGE,4,0,0,4,West/East,10,4,5,0,0,22,0.186
CSA Women's Provincial T20 Competition 2013/14,13/14,T20,Western Province,WEST,D1,,ELIMINATED_POOL_STAGE,2,0,0,2,Group A,2,1,1,0,0,5,1.259
CSA Women's Provincial League 2013/14,13/14,List A,Western Province,WEST,D1,1,CHAMPION,1,1,0,1,West/East,10,9,1,0,0,44,2.85
CSA Women's Provincial T20 Competition 2014/15,14/15,T20,Badgers,BADG,D2,4,ELIMINATED_POOL_STAGE,4,0,0,4,Pool A,4,1,3,0,0,5,1.197
CSA Women's Provincial League 2014/15,14/15,List A,Badgers,BADG,D2,,ELIMINATED_POOL_STAGE,3,0,0,3,Pool A,4,3,1,0,0,14,0.757
CSA Women's Provincial League 2014/15,14/15,List A,Boland,BOLA,D1,3,THIRD_PLACE,3,0,0,2,,5,2,2,0,1,12,0.563
CSA Women's Provincial T20 Competition 2014/15,14/15,T20,Boland,BOLA,D1,2,ELIMINATED_REGULAR_SEASON,2,0,0,2,,5,4,1,0,0,19,1.37
CSA Women's Provincial T20 Competition 2014/15,14/15,T20,Dolphins,DOLP,D1,3,ELIMINATED_REGULAR_SEASON,3,0,0,3,,5,2,3,0,0,9,0.015
CSA Women's Provincial League 2014/15,14/15,List A,Dolphins,DOLP,D1,7,SEMI_FINALIST,7,0,0,4,,5,2,3,0,0,10,0.318
CSA Women's Provincial T20 Competition 2014/15,14/15,T20,Dragons,DRAG,D2,,POOL_WINNER_ADVANCED,1,0,0,1,Pool B,4,3,0,0,0,17,3
CSA Women's Provincial League 2014/15,14/15,List A,Dragons,DRAG,D2,5,SEMI_FINALIST,5,0,0,1,Pool B,4,4,0,0,0,20,4.599
CSA Women's Provincial League 2014/15,14/15,List A,Eastern Storm,STOR,D2,,ELIMINATED_POOL_STAGE,3,0,0,3,Pool B,4,2,2,0,0,10,1.071
CSA Women's Provincial T20 Competition 2014/15,14/15,T20,Eastern Storm,STOR,D2,2,ELIMINATED_POOL_STAGE,2,0,0,2,Pool B,4,3,1,0,0,14,0.62
CSA Women's Provincial League 2014/15,14/15,List A,Heat,HEAT,D2,,ELIMINATED_POOL_STAGE,4,0,0,4,Pool A,4,1,3,0,0,5,-1.043
CSA Women's Provincial T20 Competition 2014/15,14/15,T20,Heat,HEAT,D2,3,ELIMINATED_POOL_STAGE,3,0,0,3,Pool A,4,2,2,0,0,9,-0.824
CSA Women's Provincial T20 Competition 2014/15,14/15,T20,Iinyathi,IINY,D2,2,ELIMINATED_POOL_STAGE,2,0,0,2,Pool A,4,3,1,0,0,14,1.389
CSA Women's Provincial League 2014/15,14/15,List A,Iinyathi,IINY,D2,,ELIMINATED_POOL_STAGE,2,0,0,2,Pool A,4,3,1,0,0,15,1.603
CSA Women's Provincial League 2014/15,14/15,List A,Kei,KEI,D2,,ELIMINATED_POOL_STAGE,5,0,0,5,Pool A,4,0,4,0,0,0,-5.304
CSA Women's Provincial T20 Competition 2014/15,14/15,T20,Kei,KEI,D2,5,ELIMINATED_POOL_STAGE,5,0,0,5,Pool A,4,0,3,0,0,2,-4.45
CSA Women's Provincial T20 Competition 2014/15,14/15,T20,Knights,KNIG,D1,6,ELIMINATED_REGULAR_SEASON,6,0,0,6,,5,0,5,0,0,0,-1.938
CSA Women's Provincial League 2014/15,14/15,List A,Knights,KNIG,D1,6,SEMI_FINALIST,6,0,0,5,,5,2,3,0,0,8,-0.825
CSA Women's Provincial League 2014/15,14/15,List A,Limpopo Lillies,LIMP,D2,,ELIMINATED_POOL_STAGE,5,0,0,5,Pool B,4,0,4,0,0,0,-2.088
CSA Women's Provincial T20 Competition 2014/15,14/15,T20,Limpopo Lillies,LIMP,D2,3,ELIMINATED_POOL_STAGE,3,0,0,3,Pool B,4,2,1,0,0,10,-0.9
CSA Women's Provincial League 2014/15,14/15,List A,Lions,LION,D1,4,SEMI_FINALIST,4,0,0,6,,5,1,4,0,0,5,-0.367
CSA Women's Provincial T20 Competition 2014/15,14/15,T20,Lions,LION,D1,4,ELIMINATED_REGULAR_SEASON,4,0,0,4,,5,2,3,0,0,9,-0.278
CSA Women's Provincial T20 Competition 2014/15,14/15,T20,Rhinos,RHIN,D2,4,ELIMINATED_POOL_STAGE,4,0,0,4,Pool B,4,1,3,0,0,4,-1.142
CSA Women's Provincial League 2014/15,14/15,List A,Rhinos,RHIN,D2,,ELIMINATED_POOL_STAGE,4,0,0,4,Pool B,4,1,3,0,0,5,-1.741
CSA Women's Provincial T20 Competition 2014/15,14/15,T20,Titans,TITA,D1,5,ELIMINATED_REGULAR_SEASON,5,0,0,5,,5,2,3,0,0,9,-0.36
CSA Women's Provincial League 2014/15,14/15,List A,Titans,TITA,D1,2,RUNNER_UP,2,0,1,3,,5,2,2,0,1,11,-0.793
CSA Women's Provincial T20 Competition 2014/15,14/15,T20,Tuskers,TUSK,D2,5,ELIMINATED_POOL_STAGE,5,0,0,5,Pool B,4,0,4,0,0,0,-0.936
CSA Women's Provincial League 2014/15,14/15,List A,Tuskers,TUSK,D2,,ELIMINATED_POOL_STAGE,2,0,0,2,Pool B,4,3,1,0,0,14,-0.154
CSA Women's Provincial League 2014/15,14/15,List A,Warriors,EAST,D2,8,SEMI_FINALIST,8,0,0,1,Pool A,4,3,1,0,0,15,3.395
CSA Women's Provincial T20 Competition 2014/15,14/15,T20,Warriors,EAST,D2,,POOL_WINNER_ADVANCED,1,0,0,1,Pool A,4,3,0,0,0,16,2.69
CSA Women's Provincial League 2014/15,14/15,List A,Western Province,WEST,D1,1,CHAMPION,1,1,0,1,,5,5,0,0,0,23,1.017
CSA Women's Provincial T20 Competition 2014/15,14/15,T20,Western Province,WEST,D1,1,LEAGUE_WINNER,1,1,0,1,,5,5,0,0,0,23,1.17
CSA Women's Provincial T20 Competition 2015/16,15/16,T20,Badgers,BADG,D2,3,ELIMINATED_POOL_STAGE,3,0,0,3,Pool A,4,2,2,0,0,10,-0.767
CSA Women's Provincial League 2015/16,15/16,List A,Badgers,BADG,D2,,ELIMINATED_POOL_STAGE,3,0,0,3,Pool A,4,3,1,0,0,15,0.831
CSA Women's Provincial T20 Competition 2015/16,15/16,T20,Boland,BOLA,D1,5,ELIMINATED_REGULAR_SEASON,5,0,0,5,,5,2,3,0,0,8,-1.249
CSA Women's Provincial League 2015/16,15/16,List A,Boland,BOLA,D1,4,SEMI_FINALIST,4,0,0,4,,5,3,2,0,0,13,-0.243
CSA Women's Provincial T20 Competition 2015/16,15/16,T20,Dolphins,DOLP,D2,,POOL_WINNER_ADVANCED,1,0,0,1,Pool B,4,4,0,0,0,20,2.45
CSA Women's Provincial League 2015/16,15/16,List A,Dolphins,DOLP,D2,8,SEMI_FINALIST,8,0,0,1,Pool B,4,4,0,0,0,20,3.214
CSA Women's Provincial T20 Competition 2015/16,15/16,T20,Dragons,DRAG,D1,4,ELIMINATED_REGULAR_SEASON,4,0,0,4,,5,2,3,0,0,8,-0.081
CSA Women's Provincial League 2015/16,15/16,List A,Dragons,DRAG,D1,3,THIRD_PLACE,3,0,0,1,,5,4,1,0,0,17,0.28
CSA Women's Provincial T20 Competition 2015/16,15/16,T20,Eastern Storm,STOR,D2,2,ELIMINATED_POOL_STAGE,2,0,0,2,Pool B,4,2,1,0,0,10,-0.375
CSA Women's Provincial League 2015/16,15/16,List A,Eastern Storm,STOR,D2,,ELIMINATED_POOL_STAGE,2,0,0,2,Pool B,4,2,1,0,0,12,1.921
CSA Women's Provincial League 2015/16,15/16,List A,Heat,HEAT,D2,,ELIMINATED_POOL_STAGE,4,0,0,4,Pool A,4,1,3,0,0,5,-2.268
CSA Women's Provincial T20 Competition 2015/16,15/16,T20,Heat,HEAT,D2,4,ELIMINATED_POOL_STAGE,4,0,0,4,Pool A,4,1,3,0,0,5,-2.232
CSA Women's Provincial League 2015/16,15/16,List A,Iinyathi,IINY,D2,,ELIMINATED_POOL_STAGE,2,0,0,2,Pool A,4,3,1,0,0,15,2.011
CSA Women's Provincial T20 Competition 2015/16,15/16,T20,Iinyathi,IINY,D2,,POOL_WINNER_ADVANCED,1,0,0,1,Pool A,4,4,0,0,0,20,3.475
CSA Women's Provincial T20 Competition 2015/16,15/16,T20,Kei,KEI,D2,5,ELIMINATED_POOL_STAGE,5,0,0,5,Pool A,4,0,4,0,0,0,-3.043
CSA Women's Provincial League 2015/16,15/16,List A,Kei,KEI,D2,,ELIMINATED_POOL_STAGE,5,0,0,5,Pool A,4,0,4,0,0,0,-2.629
CSA Women's Provincial League 2015/16,15/16,List A,Knights,KNIG,D1,5,SEMI_FINALIST,5,0,0,5,,5,1,4,0,0,5,-0.82
CSA Women's Provincial T20 Competition 2015/16,15/16,T20,Knights,KNIG,D1,6,ELIMINATED_REGULAR_SEASON,6,0,0,6,,5,1,3,0,0,7,0.047
CSA Women's Provincial T20 Competition 2015/16,15/16,T20,Limpopo Lillies,LIMP,D2,5,ELIMINATED_POOL_STAGE,5,0,0,5,Pool B,4,0,4,0,0,0,-1.674
CSA Women's Provincial League 2015/16,15/16,List A,Limpopo Lillies,LIMP,D2,,ELIMINATED_POOL_STAGE,4,0,0,4,Pool B,4,1,3,0,0,5,-0.767
CSA Women's Provincial T20 Competition 2015/16,15/16,T20,Lions,LION,D1,3,ELIMINATED_REGULAR_SEASON,3,0,0,3,,5,2,2,0,0,11,0.359
CSA Women's Provincial League 2015/16,15/16,List A,Lions,LION,D1,2,RUNNER_UP,2,0,1,2,,5,3,2,0,0,15,1.66
CSA Women's Provincial League 2015/16,15/16,List A,Rhinos,RHIN,D2,,ELIMINATED_POOL_STAGE,5,0,0,5,Pool B,4,1,3,0,0,4,-2.851
CSA Women's Provincial T20 Competition 2015/16,15/16,T20,Rhinos,RHIN,D2,4,ELIMINATED_POOL_STAGE,4,0,0,4,Pool B,4,1,2,0,0,6,-0.717
CSA Women's Provincial League 2015/16,15/16,List A,Titans,TITA,D1,7,SEMI_FINALIST,7,0,0,6,,5,1,4,0,0,5,-1.091
CSA Women's Provincial T20 Competition 2015/16,15/16,T20,Titans,TITA,D1,2,ELIMINATED_REGULAR_SEASON,2,0,0,2,,5,3,2,0,0,12,0.039
CSA Women's Provincial League 2015/16,15/16,List A,Tuskers,TUSK,D2,,ELIMINATED_POOL_STAGE,3,0,0,3,Pool B,4,1,2,0,0,7,-0.792
CSA Women's Provincial T20 Competition 2015/16,15/16,T20,Tuskers,TUSK,D2,3,ELIMINATED_POOL_STAGE,3,0,0,3,Pool B,4,2,2,0,0,9,0.027
CSA Women's Provincial T20 Competition 2015/16,15/16,T20,Warriors,EAST,D2,2,ELIMINATED_POOL_STAGE,2,0,0,2,Pool A,4,3,1,0,0,15,1.416
CSA Women's Provincial League 2015/16,15/16,List A,Warriors,EAST,D2,6,SEMI_FINALIST,6,0,0,1,Pool A,4,3,1,0,0,15,2.391
CSA Women's Provincial League 2015/16,15/16,List A,Western Province,WEST,D1,1,CHAMPION,1,1,0,3,,5,3,2,0,0,14,0.45
CSA Women's Provincial T20 Competition 2015/16,15/16,T20,Western Province,WEST,D1,1,LEAGUE_WINNER,1,1,0,1,,5,4,1,0,0,17,0.853
CSA Women's Provincial League 2016/17,16/17,List A,Badgers,BADG,D2,,ELIMINATED_POOL_STAGE,3,0,0,3,Pool A,4,1,3,0,0,5,-1.054
CSA Women's Provincial T20 Competition 2016/17,16/17,T20,Badgers,BADG,D2,3,ELIMINATED_POOL_STAGE,3,0,0,3,Pool A,4,2,2,0,0,10,1.099
CSA Women's Provincial League 2016/17,16/17,List A,Boland,BOLA,D1,7,SEMI_FINALIST,7,0,0,6,,5,0,4,0,1,2,-0.49
CSA Women's Provincial T20 Competition 2016/17,16/17,T20,Boland,BOLA,D1,4,ELIMINATED_REGULAR_SEASON,4,0,0,4,,5,2,3,0,0,9,-1.163
CSA Women's Provincial League 2016/17,16/17,List A,Dolphins,DOLP,D2,,ELIMINATED_POOL_STAGE,2,0,0,2,Pool A,4,3,1,0,0,15,2.483
CSA Women's Provincial T20 Competition 2016/17,16/17,T20,Dolphins,DOLP,D2,,POOL_WINNER_ADVANCED,1,0,0,1,Pool A,4,4,0,0,0,19,2.207
CSA Women's Provincial T20 Competition 2016/17,16/17,T20,Dragons,DRAG,D1,5,ELIMINATED_REGULAR_SEASON,5,0,0,5,,5,1,4,0,0,5,-0.547
CSA Women's Provincial League 2016/17,16/17,List A,Dragons,DRAG,D1,1,CHAMPION,1,1,0,3,,5,2,2,0,1,12,-0.027
CSA Women's Provincial League 2016/17,16/17,List A,Eastern Storm,STOR,D2,,ELIMINATED_POOL_STAGE,3,0,0,3,Pool B,4,2,2,0,0,10,0.722
CSA Women's Provincial T20 Competition 2016/17,16/17,T20,Eastern Storm,STOR,D2,2,ELIMINATED_POOL_STAGE,2,0,0,2,Pool B,4,3,1,0,0,15,0.893
CSA Women's Provincial T20 Competition 2016/17,16/17,T20,Heat,HEAT,D2,3,ELIMINATED_POOL_STAGE,3,0,0,3,Pool B,4,2,2,0,0,9,0.083
CSA Women's Provincial League 2016/17,16/17,List A,Heat,HEAT,D2,,ELIMINATED_POOL_STAGE,2,0,0,2,Pool B,4,2,1,0,0,12,0.077
CSA Women's Provincial T20 Competition 2016/17,16/17,T20,Iinyathi,IINY,D2,2,ELIMINATED_POOL_STAGE,2,0,0,2,Pool A,4,3,1,0,0,14,1.18
CSA Women's Provincial League 2016/17,16/17,List A,Iinyathi,IINY,D2,6,SEMI_FINALIST,6,0,0,1,Pool A,4,4,0,0,0,19,2.638
CSA Women's Provincial T20 Competition 2016/17,16/17,T20,Kei,KEI,D2,5,ELIMINATED_POOL_STAGE,5,0,0,5,Pool A,4,0,4,0,0,0,-3.175
CSA Women's Provincial League 2016/17,16/17,List A,Kei,KEI,D2,,ELIMINATED_POOL_STAGE,5,0,0,5,Pool A,4,1,3,0,0,4,-2.151
CSA Women's Provincial League 2016/17,16/17,List A,Knights,KNIG,D1,5,SEMI_FINALIST,5,0,0,2,,5,2,1,0,1,13,-0.079
CSA Women's Provincial T20 Competition 2016/17,16/17,T20,Knights,KNIG,D1,3,ELIMINATED_REGULAR_SEASON,3,0,0,3,,5,3,2,0,0,14,0.497
CSA Women's Provincial T20 Competition 2016/17,16/17,T20,Limpopo Lillies,LIMP,D2,5,ELIMINATED_POOL_STAGE,5,0,0,5,Pool B,4,0,4,0,0,0,-3.6
CSA Women's Provincial League 2016/17,16/17,List A,Limpopo Lillies,LIMP,D2,,ELIMINATED_POOL_STAGE,5,0,0,5,Pool B,4,0,4,0,0,0,-2.994
CSA Women's Provincial League 2016/17,16/17,List A,Lions,LION,D1,2,RUNNER_UP,2,0,1,4,,5,2,1,0,1,12,-0.05
CSA Women's Provincial T20 Competition 2016/17,16/17,T20,Lions,LION,D1,2,ELIMINATED_REGULAR_SEASON,2,0,0,2,,5,4,1,0,0,18,1.081
CSA Women's Provincial T20 Competition 2016/17,16/17,T20,Rhinos,RHIN,D2,4,ELIMINATED_POOL_STAGE,4,0,0,4,Pool B,4,1,3,0,0,5,-0.972
CSA Women's Provincial League 2016/17,16/17,List A,Rhinos,RHIN,D2,,ELIMINATED_POOL_STAGE,4,0,0,4,Pool B,4,1,2,0,0,7,-1.228
CSA Women's Provincial T20 Competition 2016/17,16/17,T20,Titans,TITA,D2,,POOL_WINNER_ADVANCED,1,0,0,1,Pool B,4,4,0,0,0,19,3.438
CSA Women's Provincial League 2016/17,16/17,List A,Titans,TITA,D2,3,THIRD_PLACE,3,0,0,1,Pool B,4,4,0,0,0,20,3.366
CSA Women's Provincial T20 Competition 2016/17,16/17,T20,Tuskers,TUSK,D2,4,ELIMINATED_POOL_STAGE,4,0,0,4,Pool A,4,1,3,0,0,4,-1.207
CSA Women's Provincial League 2016/17,16/17,List A,Tuskers,TUSK,D2,,ELIMINATED_POOL_STAGE,4,0,0,4,Pool A,4,1,3,0,0,5,-1.77
CSA Women's Provincial T20 Competition 2016/17,16/17,T20,Warriors,EAST,D1,6,ELIMINATED_REGULAR_SEASON,6,0,0,6,,5,0,5,0,0,0,-2.249
CSA Women's Provincial League 2016/17,16/17,List A,Warriors,EAST,D1,8,SEMI_FINALIST,8,0,0,5,,5,2,2,0,0,10,-0.412
CSA Women's Provincial League 2016/17,16/17,List A,Western Province,WEST,D1,4,SEMI_FINALIST,4,0,0,1,,5,3,1,0,0,17,1.25
CSA Women's Provincial T20 Competition 2016/17,16/17,T20,Western Province,WEST,D1,1,LEAGUE_WINNER,1,1,0,1,,5,5,0,0,0,24,2.542
CSA Women's Provincial T20 Competition 2017/18,17/18,T20,Badgers,BADG,D2,3,ELIMINATED_POOL_STAGE,3,0,0,3,Pool A,4,2,2,0,0,9,0.841
CSA Women's Provincial League 2017/18,17/18,List A,Badgers,BADG,D2,,ELIMINATED_POOL_STAGE,2,0,0,2,Pool A,4,3,1,0,0,14,1.11
CSA Women's Provincial T20 Competition 2017/18,17/18,T20,Boland,BOLA,D2,2,ELIMINATED_POOL_STAGE,2,0,0,2,Pool A,4,3,1,0,0,15,1.345
CSA Women's Provincial League 2017/18,17/18,List A,Boland,BOLA,D2,6,SEMI_FINALIST,6,0,0,1,Pool A,4,4,0,0,0,19,2.12
CSA Women's Provincial League 2017/18,17/18,List A,Dolphins,DOLP,D2,,ELIMINATED_POOL_STAGE,2,0,0,2,Pool B,4,2,1,0,0,12,3.205
CSA Women's Provincial T20 Competition 2017/18,17/18,T20,Dolphins,DOLP,D2,,POOL_WINNER_ADVANCED,1,0,0,1,Pool B,4,4,0,0,0,20,4.054
CSA Women's Provincial T20 Competition 2017/18,17/18,T20,Dragons,DRAG,D1,2,ELIMINATED_REGULAR_SEASON,2,0,0,2,,5,4,1,0,0,18,0.67
CSA Women's Provincial League 2017/18,17/18,List A,Dragons,DRAG,D1,4,SEMI_FINALIST,4,0,0,2,,5,4,1,0,0,19,1.215
CSA Women's Provincial League 2017/18,17/18,List A,Eastern Storm,STOR,D2,7,SEMI_FINALIST,7,0,0,1,Pool B,4,4,0,0,0,19,2.546
CSA Women's Provincial League 2017/18,17/18,List A,Heat,HEAT,D2,,ELIMINATED_POOL_STAGE,4,0,0,4,Pool A,4,1,3,0,0,5,-0.273
CSA Women's Provincial T20 Competition 2017/18,17/18,T20,Heat,HEAT,D2,4,ELIMINATED_POOL_STAGE,4,0,0,4,Pool A,4,1,3,0,0,5,0.597
CSA Women's Provincial League 2017/18,17/18,List A,Iinyathi,IINY,D1,6,SEMI_FINALIST,6,0,0,6,,5,0,5,0,0,0,-2.917
CSA Women's Provincial T20 Competition 2017/18,17/18,T20,Iinyathi,IINY,D1,5,ELIMINATED_REGULAR_SEASON,5,0,0,5,,5,1,4,0,0,4,-1.346
CSA Women's Provincial T20 Competition 2017/18,17/18,T20,Kei,KEI,D2,5,ELIMINATED_POOL_STAGE,5,0,0,5,Pool A,4,0,4,0,0,0,-4.206
CSA Women's Provincial League 2017/18,17/18,List A,Kei,KEI,D2,,ELIMINATED_POOL_STAGE,5,0,0,5,Pool A,4,0,4,0,0,0,-3.824
CSA Women's Provincial T20 Competition 2017/18,17/18,T20,Knights,KNIG,D1,6,ELIMINATED_REGULAR_SEASON,6,0,0,6,,5,1,4,0,0,4,-1.467
CSA Women's Provincial League 2017/18,17/18,List A,Knights,KNIG,D1,8,SEMI_FINALIST,8,0,0,5,,5,2,3,0,0,9,-0.417
CSA Women's Provincial League 2017/18,17/18,List A,Limpopo Lillies,LIMP,D2,,ELIMINATED_POOL_STAGE,5,0,0,5,Pool B,4,0,4,0,0,0,-4.171
CSA Women's Provincial T20 Competition 2017/18,17/18,T20,Limpopo Lillies,LIMP,D2,4,ELIMINATED_POOL_STAGE,4,0,0,4,Pool B,4,1,3,0,0,5,-1.239
CSA Women's Provincial T20 Competition 2017/18,17/18,T20,Lions,LION,D1,4,ELIMINATED_REGULAR_SEASON,4,0,0,4,,5,2,3,0,0,9,-0.091
CSA Women's Provincial League 2017/18,17/18,List A,Lions,LION,D1,2,RUNNER_UP,2,0,1,3,,5,3,2,0,0,15,0.203
CSA Women's Provincial League 2017/18,17/18,List A,Rhinos,RHIN,D2,,ELIMINATED_POOL_STAGE,3,0,0,3,Pool B,4,2,2,0,0,10,-0.063
CSA Women's Provincial T20 Competition 2017/18,17/18,T20,Titans,TITA,D1,3,ELIMINATED_REGULAR_SEASON,3,0,0,3,,5,3,2,0,0,13,0.662
CSA Women's Provincial League 2017/18,17/18,List A,Titans,TITA,D1,4,SEMI_FINALIST,4,0,0,1,,5,4,1,0,0,19,1.243
CSA Women's Provincial T20 Competition 2017/18,17/18,T20,Tuskers,TUSK,D2,5,ELIMINATED_POOL_STAGE,5,0,0,5,Pool B,4,1,3,0,0,5,-1.607
CSA Women's Provincial League 2017/18,17/18,List A,Tuskers,TUSK,D2,,ELIMINATED_POOL_STAGE,4,0,0,4,Pool B,4,1,2,0,0,7,-1.044
CSA Women's Provincial League 2017/18,17/18,List A,Warriors,EAST,D2,,ELIMINATED_POOL_STAGE,3,0,0,3,Pool A,4,2,2,0,0,10,0.657
CSA Women's Provincial T20 Competition 2017/18,17/18,T20,Warriors,EAST,D2,,POOL_WINNER_ADVANCED,1,0,0,1,Pool A,4,4,0,0,0,18,1.501
CSA Women's Provincial League 2017/18,17/18,List A,Western Province,WEST,D1,1,CHAMPION,1,1,0,4,,5,2,3,0,0,10,0.668
CSA Women's Provincial T20 Competition 2017/18,17/18,T20,Western Province,WEST,D1,1,LEAGUE_WINNER,1,1,0,1,,5,4,1,0,0,19,1.535
CSA Women's Provincial T20 Competition 2017/18,17/18,T20,Eastern Storm,STOR,D2,2,ELIMINATED_POOL_STAGE,2,0,0,2,Pool B,4,2,1,1,0,13,0.268
CSA Women's Provincial T20 Competition 2017/18,17/18,T20,Rhinos,RHIN,D2,3,ELIMINATED_POOL_STAGE,3,0,0,3,Pool B,4,1,2,1,0,7,-1.188
CSA Women's Provincial T20 Competition 2018/19,18/19,T20,Badgers,BADG,D2,4,ELIMINATED_POOL_STAGE,4,0,0,4,Pool A,4,2,2,0,0,10,0.729
CSA Women's Provincial League 2018/19,18/19,List A,Badgers,BADG,D2,,ELIMINATED_POOL_STAGE,3,0,0,3,Pool A,4,2,2,0,0,10,1.313
CSA Women's Provincial League 2018/19,18/19,List A,Boland,BOLA,D1,8,SEMI_FINALIST,8,0,0,6,,5,0,4,0,0,2,-3.246
CSA Women's Provincial T20 Competition 2018/19,18/19,T20,Boland,BOLA,D1,3,ELIMINATED_REGULAR_SEASON,3,0,0,3,,5,2,2,0,0,11,-0.558
CSA Women's Provincial T20 Competition 2018/19,18/19,T20,Dolphins,DOLP,D2,,POOL_WINNER_ADVANCED,1,0,0,1,Pool B,4,4,0,0,0,19,3.113
CSA Women's Provincial League 2018/19,18/19,List A,Dolphins,DOLP,D2,5,SEMI_FINALIST,5,0,0,1,Pool B,4,4,0,0,0,20,4.672
CSA Women's Provincial T20 Competition 2018/19,18/19,T20,Dragons,DRAG,D1,1,LEAGUE_WINNER,1,1,0,1,,5,5,0,0,0,24,2.813
CSA Women's Provincial League 2018/19,18/19,List A,Dragons,DRAG,D1,3,THIRD_PLACE,3,0,0,1,,5,5,0,0,0,25,3.392
CSA Women's Provincial League 2018/19,18/19,List A,Eastern Storm,STOR,D2,,ELIMINATED_POOL_STAGE,5,0,0,5,Pool B,4,0,4,0,0,0,-1.896
CSA Women's Provincial T20 Competition 2018/19,18/19,T20,Eastern Storm,STOR,D2,3,ELIMINATED_POOL_STAGE,3,0,0,3,Pool B,4,2,2,0,0,10,0.468
CSA Women's Provincial League 2018/19,18/19,List A,Heat,HEAT,D2,,ELIMINATED_POOL_STAGE,4,0,0,4,Pool A,4,1,3,0,0,5,-1.786
CSA Women's Provincial T20 Competition 2018/19,18/19,T20,Heat,HEAT,D2,3,ELIMINATED_POOL_STAGE,3,0,0,3,Pool A,4,2,2,0,0,10,1.066
CSA Women's Provincial T20 Competition 2018/19,18/19,T20,Iinyathi,IINY,D1,5,ELIMINATED_REGULAR_SEASON,5,0,0,5,,5,1,3,0,0,6,-1.707
CSA Women's Provincial League 2018/19,18/19,List A,Iinyathi,IINY,D1,7,SEMI_FINALIST,7,0,0,3,,5,2,2,0,1,11,-1.212
CSA Women's Provincial League 2018/19,18/19,List A,Kei,KEI,D2,,ELIMINATED_POOL_STAGE,5,0,0,5,Pool A,4,0,4,0,0,0,-5.486
CSA Women's Provincial T20 Competition 2018/19,18/19,T20,Kei,KEI,D2,5,ELIMINATED_POOL_STAGE,5,0,0,5,Pool A,4,0,4,0,0,0,-5.05
CSA Women's Provincial T20 Competition 2018/19,18/19,T20,Knights,KNIG,D2,,POOL_WINNER_ADVANCED,1,0,0,1,Pool A,4,3,1,0,0,15,3.075
CSA Women's Provincial League 2018/19,18/19,List A,Knights,KNIG,D2,2,RUNNER_UP,2,0,1,1,Pool A,4,4,0,0,0,20,4.918
CSA Women's Provincial T20 Competition 2018/19,18/19,T20,Limpopo Lillies,LIMP,D2,4,ELIMINATED_POOL_STAGE,4,0,0,4,Pool B,4,1,3,0,0,5,-1.8
CSA Women's Provincial League 2018/19,18/19,List A,Limpopo Lillies,LIMP,D2,,ELIMINATED_POOL_STAGE,3,0,0,3,Pool B,4,2,2,0,0,10,-1.029
CSA Women's Provincial T20 Competition 2018/19,18/19,T20,Lions,LION,D1,6,ELIMINATED_REGULAR_SEASON,6,0,0,6,,5,0,3,0,0,4,-1.232
CSA Women's Provincial League 2018/19,18/19,List A,Lions,LION,D1,6,SEMI_FINALIST,6,0,0,5,,5,1,2,0,1,9,-1.048
CSA Women's Provincial T20 Competition 2018/19,18/19,T20,Rhinos,RHIN,D2,2,ELIMINATED_POOL_STAGE,2,0,0,2,Pool B,4,3,1,0,0,14,1.007
CSA Women's Provincial League 2018/19,18/19,List A,Rhinos,RHIN,D2,,ELIMINATED_POOL_STAGE,2,0,0,2,Pool B,4,3,1,0,0,15,1.799
CSA Women's Provincial T20 Competition 2018/19,18/19,T20,Titans,TITA,D1,4,ELIMINATED_REGULAR_SEASON,4,0,0,4,,5,2,3,0,0,9,-0.413
CSA Women's Provincial League 2018/19,18/19,List A,Titans,TITA,D1,1,CHAMPION,1,1,0,4,,5,2,3,0,0,9,-0.3
CSA Women's Provincial T20 Competition 2018/19,18/19,T20,Tuskers,TUSK,D2,5,ELIMINATED_POOL_STAGE,5,0,0,5,Pool B,4,0,4,0,0,0,-3.008
CSA Women's Provincial League 2018/19,18/19,List A,Tuskers,TUSK,D2,,ELIMINATED_POOL_STAGE,4,0,0,4,Pool B,4,1,3,0,0,5,-1.271
CSA Women's Provincial T20 Competition 2018/19,18/19,T20,Warriors,EAST,D2,2,ELIMINATED_POOL_STAGE,2,0,0,2,Pool A,4,3,1,0,0,13,0.238
CSA Women's Provincial League 2018/19,18/19,List A,Warriors,EAST,D2,,ELIMINATED_POOL_STAGE,2,0,0,2,Pool A,4,3,1,0,0,15,1.852
CSA Women's Provincial T20 Competition 2018/19,18/19,T20,Western Province,WEST,D1,2,ELIMINATED_REGULAR_SEASON,2,0,0,2,,5,3,2,0,0,14,0.729
CSA Women's Provincial League 2018/19,18/19,List A,Western Province,WEST,D1,4,SEMI_FINALIST,4,0,0,2,,5,3,2,0,0,15,0.994
CSA Women's Provincial T20 Competition 2019/20,19/20,T20,Badgers,BADG,D2,3,ELIMINATED_POOL_STAGE,3,0,0,3,Pool A,4,1,2,0,1,7,-0.173
CSA Women's Provincial League 2019/20,19/20,List A,Badgers,BADG,D2,3,ELIMINATED_POOL_STAGE,3,0,0,3,Pool A,4,2,2,0,0,10,1.77
CSA Women's Provincial T20 Competition 2019/20,19/20,T20,Boland,BOLA,D2,4,ELIMINATED_POOL_STAGE,4,0,0,4,Pool A,4,1,3,0,0,5,-0.277
CSA Women's Provincial League 2019/20,19/20,List A,Boland,BOLA,D2,4,ELIMINATED_POOL_STAGE,4,0,0,4,Pool A,4,1,3,0,0,5,0.044
CSA Women's Provincial T20 Competition 2019/20,19/20,T20,Dolphins,DOLP,D1,5,ELIMINATED_REGULAR_SEASON,5,0,0,5,,8,3,5,0,0,12,-0.799
CSA Women's Provincial League 2019/20,19/20,List A,Dolphins,DOLP,D1,4,ELIMINATED_REGULAR_SEASON,4,0,0,4,,8,3,4,0,0,16,-0.047
CSA Women's Provincial T20 Competition 2019/20,19/20,T20,Dragons,DRAG,D1,2,ELIMINATED_REGULAR_SEASON,2,0,0,2,,9,6,3,0,0,27,0.95
CSA Women's Provincial League 2019/20,19/20,List A,Dragons,DRAG,D1,1,LEAGUE_WINNER,1,1,0,1,,9,7,2,0,0,34,1.695
CSA Women's Provincial League 2019/20,19/20,List A,Eastern Storm,STOR,D2,,POOL_WINNER_ADVANCED,1,0,0,1,Pool B,4,3,1,0,0,15,0.927
CSA Women's Provincial T20 Competition 2019/20,19/20,T20,Eastern Storm,STOR,D2,,POOL_WINNER_ADVANCED,1,0,0,1,Pool B,4,3,1,0,0,15,1.758
CSA Women's Provincial League 2019/20,19/20,List A,Heat,HEAT,D2,2,ELIMINATED_POOL_STAGE,2,0,0,2,Pool B,4,2,1,0,0,12,2.063
CSA Women's Provincial T20 Competition 2019/20,19/20,T20,Heat,HEAT,D2,2,ELIMINATED_POOL_STAGE,2,0,0,2,Pool B,4,3,1,0,0,15,1.65
CSA Women's Provincial T20 Competition 2019/20,19/20,T20,Iinyathi,IINY,D2,2,ELIMINATED_POOL_STAGE,2,0,0,2,Pool A,4,3,1,0,0,14,1.764
CSA Women's Provincial League 2019/20,19/20,List A,Iinyathi,IINY,D2,,POOL_WINNER_ADVANCED,1,0,0,1,Pool A,4,4,0,0,0,20,2.346
CSA Women's Provincial League 2019/20,19/20,List A,Kei,KEI,D2,5,ELIMINATED_POOL_STAGE,5,0,0,5,Pool A,4,0,4,0,0,0,-5.718
CSA Women's Provincial T20 Competition 2019/20,19/20,T20,Kei,KEI,D2,5,ELIMINATED_POOL_STAGE,5,0,0,5,Pool A,4,0,3,0,1,2,-4.934
CSA Women's Provincial League 2019/20,19/20,List A,Knights,KNIG,D1,6,ELIMINATED_REGULAR_SEASON,6,0,0,6,,8,1,6,0,0,6,-1.618
CSA Women's Provincial T20 Competition 2019/20,19/20,T20,Knights,KNIG,D1,3,ELIMINATED_REGULAR_SEASON,3,0,0,3,,8,3,4,0,0,15,-0.26
CSA Women's Provincial League 2019/20,19/20,List A,Limpopo Lillies,LIMP,D2,5,ELIMINATED_POOL_STAGE,5,0,0,5,Pool B,4,1,3,0,0,4,-1.397
CSA Women's Provincial T20 Competition 2019/20,19/20,T20,Limpopo Lillies,LIMP,D2,4,ELIMINATED_POOL_STAGE,4,0,0,4,Pool B,4,1,3,0,0,4,-1.175
CSA Women's Provincial T20 Competition 2019/20,19/20,T20,Lions,LION,D1,4,ELIMINATED_REGULAR_SEASON,4,0,0,4,,9,2,5,0,0,13,-0.11
CSA Women's Provincial League 2019/20,19/20,List A,Lions,LION,D1,3,ELIMINATED_REGULAR_SEASON,3,0,0,3,,9,4,4,0,0,21,-0.018
CSA Women's Provincial League 2019/20,19/20,List A,Rhinos,RHIN,D2,3,ELIMINATED_POOL_STAGE,3,0,0,3,Pool B,4,2,1,0,0,11,0.753
CSA Women's Provincial T20 Competition 2019/20,19/20,T20,Rhinos,RHIN,D2,3,ELIMINATED_POOL_STAGE,3,0,0,3,Pool B,4,3,1,0,0,14,0.234
CSA Women's Provincial League 2019/20,19/20,List A,Titans,TITA,D1,5,ELIMINATED_REGULAR_SEASON,5,0,0,5,,8,2,5,0,0,10,-1.802
CSA Women's Provincial T20 Competition 2019/20,19/20,T20,Titans,TITA,D1,6,ELIMINATED_REGULAR_SEASON,6,0,0,6,,8,2,5,0,0,12,-0.967
CSA Women's Provincial T20 Competition 2019/20,19/20,T20,Tuskers,TUSK,D2,5,ELIMINATED_POOL_STAGE,5,0,0,5,Pool B,4,0,4,0,0,0,-2.45
CSA Women's Provincial League 2019/20,19/20,List A,Tuskers,TUSK,D2,4,ELIMINATED_POOL_STAGE,4,0,0,4,Pool B,4,1,3,0,0,4,-1.335
CSA Women's Provincial League 2019/20,19/20,List A,Warriors,EAST,D2,2,ELIMINATED_POOL_STAGE,2,0,0,2,Pool A,4,3,1,0,0,15,1.79
CSA Women's Provincial T20 Competition 2019/20,19/20,T20,Warriors,EAST,D2,,POOL_WINNER_ADVANCED,1,0,0,1,Pool A,4,4,0,0,0,19,1.781
CSA Women's Provincial League 2019/20,19/20,List A,Western Province,WEST,D1,2,ELIMINATED_REGULAR_SEASON,2,0,0,2,,8,6,2,0,0,28,1.291
CSA Women's Provincial T20 Competition 2019/20,19/20,T20,Western Province,WEST,D1,1,LEAGUE_WINNER,1,1,0,1,,8,7,1,0,0,30,0.948
CSA Women's Provincial Programme 2021/22,21/22,List A,Badgers,BADG,D2,,POOL_WINNER_ADVANCED,1,0,0,1,Pool A,4,4,0,0,0,19,1.771
CSA Women's Provincial T20 Competition 2021/22,21/22,T20,Badgers,BADG,D2,,POOL_WINNER_ADVANCED,1,0,0,1,Pool A,4,4,0,0,0,19,2.237
CSA Women's Provincial Programme 2021/22,21/22,List A,Boland,BOLA,D2,3,ELIMINATED_POOL_STAGE,3,0,0,3,Pool A,4,1,2,0,0,6,-1.081
CSA Women's Provincial T20 Competition 2021/22,21/22,T20,Boland,BOLA,D2,2,ELIMINATED_POOL_STAGE,2,0,0,2,Pool A,4,2,1,0,0,10,-0.215
CSA Women's Provincial T20 Competition 2021/22,21/22,T20,Dolphins,DOLP,D1,5,ELIMINATED_REGULAR_SEASON,5,0,0,5,,5,1,3,0,0,7,-0.206
CSA Women's Provincial Programme 2021/22,21/22,List A,Dolphins,DOLP,D1,4,ELIMINATED_REGULAR_SEASON,4,0,0,4,,10,5,4,0,0,25,-0.15
CSA Women's Provincial T20 Competition 2021/22,21/22,T20,Dragons,DRAG,D1,3,ELIMINATED_REGULAR_SEASON,3,0,0,3,,5,3,2,0,0,14,0.669
CSA Women's Provincial Programme 2021/22,21/22,List A,Dragons,DRAG,D1,1,LEAGUE_WINNER,1,1,0,1,,10,8,2,0,0,39,1.626
CSA Women's Provincial T20 Competition 2021/22,21/22,T20,Eastern Storm,STOR,D1,6,ELIMINATED_REGULAR_SEASON,6,0,0,6,,5,0,5,0,0,0,-2.563
CSA Women's Provincial Programme 2021/22,21/22,List A,Eastern Storm,STOR,D1,6,ELIMINATED_REGULAR_SEASON,6,0,0,6,,10,1,9,0,0,4,-2.947
CSA Women's Provincial T20 Competition 2021/22,21/22,T20,Heat,HEAT,D2,4,ELIMINATED_POOL_STAGE,4,0,0,4,Pool B,4,1,3,0,0,5,-0.973
CSA Women's Provincial Programme 2021/22,21/22,List A,Heat,HEAT,D2,4,ELIMINATED_POOL_STAGE,4,0,0,4,Pool B,4,0,1,0,1,6,-0.62
CSA Women's Provincial Programme 2021/22,21/22,List A,Iinyathi,IINY,D2,4,ELIMINATED_POOL_STAGE,4,0,0,4,Pool A,4,1,3,0,0,5,-1.066
CSA Women's Provincial T20 Competition 2021/22,21/22,T20,Iinyathi,IINY,D2,4,ELIMINATED_POOL_STAGE,4,0,0,4,Pool A,4,1,3,0,0,5,-0.295
CSA Women's Provincial Programme 2021/22,21/22,List A,Kei,KEI,D2,5,ELIMINATED_POOL_STAGE,5,0,0,5,Pool A,4,0,3,0,0,2,-5.711
CSA Women's Provincial T20 Competition 2021/22,21/22,T20,Kei,KEI,D2,5,ELIMINATED_POOL_STAGE,5,0,0,5,Pool A,4,0,3,0,0,2,-4.143
CSA Women's Provincial Programme 2021/22,21/22,List A,Knights,KNIG,D2,,ELIMINATED_POOL_STAGE,1,0,0,1,Pool B,4,3,0,0,0,17,4.183
CSA Women's Provincial T20 Competition 2021/22,21/22,T20,Knights,KNIG,D2,,POOL_WINNER_ADVANCED,1,0,0,1,Pool B,4,4,0,0,0,20,3.754
CSA Women's Provincial T20 Competition 2021/22,21/22,T20,Limpopo Lillies,LIMP,D2,3,ELIMINATED_POOL_STAGE,3,0,0,3,Pool B,4,2,2,0,0,9,0.078
CSA Women's Provincial Programme 2021/22,21/22,List A,Limpopo Lillies,LIMP,D2,2,ELIMINATED_POOL_STAGE,2,0,0,2,Pool B,4,3,1,0,0,14,0.897
CSA Women's Provincial T20 Competition 2021/22,21/22,T20,Lions,LION,D1,2,ELIMINATED_REGULAR_SEASON,2,0,0,2,,5,3,2,0,0,15,0.798
CSA Women's Provincial Programme 2021/22,21/22,List A,Lions,LION,D1,5,ELIMINATED_REGULAR_SEASON,5,0,0,5,,10,4,6,0,0,20,0.091
CSA Women's Provincial T20 Competition 2021/22,21/22,T20,Rhinos,RHIN,D2,5,ELIMINATED_POOL_STAGE,5,0,0,5,Pool B,4,0,4,0,0,0,-2.587
CSA Women's Provincial Programme 2021/22,21/22,List A,Rhinos,RHIN,D2,5,ELIMINATED_POOL_STAGE,5,0,0,5,Pool B,4,0,3,0,0,2,-3.724
CSA Women's Provincial T20 Competition 2021/22,21/22,T20,Titans,TITA,D1,4,ELIMINATED_REGULAR_SEASON,4,0,0,4,,5,2,2,0,0,10,0.125
CSA Women's Provincial Programme 2021/22,21/22,List A,Titans,TITA,D1,3,ELIMINATED_REGULAR_SEASON,3,0,0,3,,10,5,4,0,0,25,0.369
CSA Women's Provincial Programme 2021/22,21/22,List A,Tuskers,TUSK,D2,3,ELIMINATED_POOL_STAGE,3,0,0,3,Pool B,4,1,2,0,1,7,-0.61
CSA Women's Provincial T20 Competition 2021/22,21/22,T20,Tuskers,TUSK,D2,2,ELIMINATED_POOL_STAGE,2,0,0,2,Pool B,4,3,1,0,0,14,0.881
CSA Women's Provincial T20 Competition 2021/22,21/22,T20,Warriors,EAST,D2,3,ELIMINATED_POOL_STAGE,3,0,0,3,Pool A,4,2,2,0,0,9,0.732
CSA Women's Provincial Programme 2021/22,21/22,List A,Warriors,EAST,D2,2,ELIMINATED_POOL_STAGE,2,0,0,2,Pool A,4,3,1,0,0,15,2.608
CSA Women's Provincial T20 Competition 2021/22,21/22,T20,Western Province,WEST,D1,1,LEAGUE_WINNER,1,1,0,1,,5,5,0,0,0,23,1.336
CSA Women's Provincial Programme 2021/22,21/22,List A,Western Province,WEST,D1,2,ELIMINATED_REGULAR_SEASON,2,0,0,2,,10,6,4,0,0,28,0.908
CSA Women's Provincial Programme 2022/23,22/23,List A,Badgers,BADG,D1,3,ELIMINATED_REGULAR_SEASON,3,0,0,3,,10,5,5,0,0,23,0.219
CSA Women's Provincial T20 Competition 2022/23,22/23,T20,Badgers,BADG,D1,3,ELIMINATED_REGULAR_SEASON,3,0,0,3,,10,6,4,0,0,26,-0.188
CSA Women's Provincial Programme 2022/23,22/23,List A,Boland,BOLA,D2,2,ELIMINATED_POOL_STAGE,2,0,0,2,Pool A,4,3,1,0,0,14,0.698
CSA Women's Provincial T20 Competition 2022/23,22/23,T20,Boland,BOLA,D2,2,ELIMINATED_POOL_STAGE,2,0,0,2,Pool A,4,3,1,0,0,14,1.39
CSA Women's Provincial T20 Competition 2022/23,22/23,T20,Dolphins,DOLP,D1,4,ELIMINATED_REGULAR_SEASON,4,0,0,4,,10,4,5,0,0,19,-0.41
CSA Women's Provincial Programme 2022/23,22/23,List A,Dolphins,DOLP,D1,2,ELIMINATED_REGULAR_SEASON,2,0,0,2,,10,4,2,0,2,27,0.391
CSA Women's Provincial T20 Competition 2022/23,22/23,T20,Dragons,DRAG,D1,5,ELIMINATED_REGULAR_SEASON,5,0,0,5,,10,2,8,0,0,10,-0.549
CSA Women's Provincial Programme 2022/23,22/23,List A,Dragons,DRAG,D1,6,ELIMINATED_REGULAR_SEASON,6,0,0,6,,10,2,6,0,0,13,-0.417
CSA Women's Provincial Programme 2022/23,22/23,List A,Eastern Storm,STOR,D2,4,ELIMINATED_POOL_STAGE,4,0,0,4,Pool B,4,1,2,0,0,7,0.136
CSA Women's Provincial T20 Competition 2022/23,22/23,T20,Eastern Storm,STOR,D2,2,ELIMINATED_POOL_STAGE,2,0,0,2,Pool B,4,3,0,0,0,14,0.636
CSA Women's Provincial T20 Competition 2022/23,22/23,T20,Heat,HEAT,D2,,POOL_WINNER_ADVANCED,1,0,0,1,Pool B,4,3,1,0,0,15,1.561
CSA Women's Provincial Programme 2022/23,22/23,List A,Heat,HEAT,D2,,ELIMINATED_POOL_STAGE,1,0,0,1,Pool B,4,3,0,0,0,17,3.363
CSA Women's Provincial Programme 2022/23,22/23,List A,Iinyathi,IINY,D2,4,ELIMINATED_POOL_STAGE,4,0,0,4,Pool A,4,0,3,0,0,2,-0.285
CSA Women's Provincial T20 Competition 2022/23,22/23,T20,Iinyathi,IINY,D2,3,ELIMINATED_POOL_STAGE,3,0,0,3,Pool A,4,2,2,0,0,10,-1.151
CSA Women's Provincial T20 Competition 2022/23,22/23,T20,Kei,KEI,D2,5,ELIMINATED_POOL_STAGE,5,0,0,5,Pool A,4,0,4,0,0,0,-3.055
CSA Women's Provincial Programme 2022/23,22/23,List A,Kei,KEI,D2,5,ELIMINATED_POOL_STAGE,5,0,0,5,Pool A,4,0,3,0,0,2,-3.705
CSA Women's Provincial T20 Competition 2022/23,22/23,T20,Knights,KNIG,D2,,POOL_WINNER_ADVANCED,1,0,0,1,Pool A,4,3,1,0,0,15,3.522
CSA Women's Provincial Programme 2022/23,22/23,List A,Knights,KNIG,D2,,POOL_WINNER_ADVANCED,1,0,0,1,Pool A,4,4,0,0,0,19,1.948
CSA Women's Provincial T20 Competition 2022/23,22/23,T20,Limpopo Lillies,LIMP,D2,5,ELIMINATED_POOL_STAGE,5,0,0,5,Pool B,4,0,4,0,0,0,-1.197
CSA Women's Provincial Programme 2022/23,22/23,List A,Limpopo Lillies,LIMP,D2,3,ELIMINATED_POOL_STAGE,3,0,0,3,Pool B,4,2,2,0,0,8,-0.838
CSA Women's Provincial Programme 2022/23,22/23,List A,Lions,LION,D1,5,ELIMINATED_REGULAR_SEASON,5,0,0,5,,10,3,6,0,0,16,-0.894
CSA Women's Provincial T20 Competition 2022/23,22/23,T20,Lions,LION,D1,1,LEAGUE_WINNER,1,1,0,1,,10,8,2,0,0,36,0.83
CSA Women's Provincial T20 Competition 2022/23,22/23,T20,Rhinos,RHIN,D2,3,ELIMINATED_POOL_STAGE,3,0,0,3,Pool B,4,1,1,0,0,8,-0.864
CSA Women's Provincial Programme 2022/23,22/23,List A,Rhinos,RHIN,D2,2,ELIMINATED_POOL_STAGE,2,0,0,2,Pool B,4,2,2,0,0,10,-0.028
CSA Women's Provincial T20 Competition 2022/23,22/23,T20,Titans,TITA,D1,6,ELIMINATED_REGULAR_SEASON,6,0,0,6,,10,2,7,0,0,10,-0.966
CSA Women's Provincial Programme 2022/23,22/23,List A,Titans,TITA,D1,4,ELIMINATED_REGULAR_SEASON,4,0,0,4,,10,4,5,0,1,21,-0.11
CSA Women's Provincial Programme 2022/23,22/23,List A,Tuskers,TUSK,D2,5,ELIMINATED_POOL_STAGE,5,0,0,5,Pool B,4,1,3,0,0,4,-0.826
CSA Women's Provincial T20 Competition 2022/23,22/23,T20,Tuskers,TUSK,D2,4,ELIMINATED_POOL_STAGE,4,0,0,4,Pool B,4,1,2,0,0,6,-0.558
CSA Women's Provincial T20 Competition 2022/23,22/23,T20,Warriors,EAST,D2,4,ELIMINATED_POOL_STAGE,4,0,0,4,Pool A,4,2,2,0,0,9,-0.169
CSA Women's Provincial Programme 2022/23,22/23,List A,Warriors,EAST,D2,3,ELIMINATED_POOL_STAGE,3,0,0,3,Pool A,4,2,2,0,0,9,0.468
CSA Women's Provincial T20 Competition 2022/23,22/23,T20,Western Province,WEST,D1,2,ELIMINATED_REGULAR_SEASON,2,0,0,2,,10,7,3,0,0,32,1.112
CSA Women's Provincial Programme 2022/23,22/23,List A,Western Province,WEST,D1,1,LEAGUE_WINNER,1,1,0,1,,10,7,1,0,1,36,0.897
CSA Women's Professional League 2023/24,23/24,List A,Badgers,BADG,D1,5,ELIMINATED_REGULAR_SEASON,5,0,0,5,,10,4,6,0,0,18,-0.871
CSA Women's Professional T20 Competition 2023/24,23/24,T20,Badgers,BADG,D1,3,ELIMINATED_REGULAR_SEASON,3,0,0,3,,10,5,5,0,0,22,0.279
CSA Women's Professional T20 Competition 2023/24,23/24,T20,Boland,BOLA,D2,2,ELIMINATED_REGULAR_SEASON,2,0,0,2,,4,4,0,0,0,18,1.134
CSA Women's Professional League 2023/24,23/24,List A,Boland,BOLA,D2,5,ELIMINATED_REGULAR_SEASON,5,0,0,5,,9,4,5,0,0,19,-0.238
CSA Women's Professional T20 Competition 2023/24,23/24,T20,Dolphins,DOLP,D1,5,ELIMINATED_REGULAR_SEASON,5,0,0,5,,10,3,6,0,0,16,0.339
CSA Women's Professional League 2023/24,23/24,List A,Dolphins,DOLP,D1,1,LEAGUE_WINNER,1,1,0,1,,10,6,2,0,0,33,1.223
CSA Women's Professional T20 Competition 2023/24,23/24,T20,Dragons,DRAG,D2,3,ELIMINATED_REGULAR_SEASON,3,0,0,3,,4,3,1,0,0,15,1.581
CSA Women's Professional League 2023/24,23/24,List A,Dragons,DRAG,D2,2,ELIMINATED_REGULAR_SEASON,2,0,0,2,,9,8,1,0,0,40,1.352
CSA Women's Professional T20 Competition 2023/24,23/24,T20,Eastern Storm,STOR,D2,,POOL_WINNER_ADVANCED,1,0,0,1,,4,4,0,0,0,18,1.962
CSA Women's Professional League 2023/24,23/24,List A,Eastern Storm,STOR,D2,3,ELIMINATED_REGULAR_SEASON,3,0,0,3,,9,5,4,0,0,25,0.508
CSA Women's Professional T20 Competition 2023/24,23/24,T20,Heat,HEAT,D2,4,ELIMINATED_REGULAR_SEASON,4,0,0,4,,4,2,1,0,0,12,0.885
CSA Women's Professional League 2023/24,23/24,List A,Heat,HEAT,D2,8,ELIMINATED_REGULAR_SEASON,8,0,0,8,,9,3,5,0,0,16,0.114
CSA Women's Professional T20 Competition 2023/24,23/24,T20,Iinyathi,IINY,D2,7,ELIMINATED_REGULAR_SEASON,7,0,0,7,,4,1,3,0,0,5,0.245
CSA Women's Professional League 2023/24,23/24,List A,Iinyathi,IINY,D2,4,ELIMINATED_REGULAR_SEASON,4,0,0,4,,9,5,4,0,0,23,-0.322
CSA Women's Professional T20 Competition 2023/24,23/24,T20,Kei,KEI,D2,10,ELIMINATED_REGULAR_SEASON,10,0,0,10,,4,0,4,0,0,0,-2.972
CSA Women's Professional League 2023/24,23/24,List A,Kei,KEI,D2,9,ELIMINATED_REGULAR_SEASON,9,0,0,9,,9,3,6,0,0,14,-0.943
CSA Women's Professional T20 Competition 2023/24,23/24,T20,Knights,KNIG,D1,6,ELIMINATED_REGULAR_SEASON,6,0,0,6,,10,2,8,0,0,8,-0.834
CSA Women's Professional League 2023/24,23/24,List A,Knights,KNIG,D1,6,ELIMINATED_REGULAR_SEASON,6,0,0,6,,10,4,6,0,0,17,-0.744
CSA Women's Professional T20 Competition 2023/24,23/24,T20,Limpopo Lillies,LIMP,D2,6,ELIMINATED_REGULAR_SEASON,6,0,0,6,,4,2,2,0,0,8,-0.528
CSA Women's Professional League 2023/24,23/24,List A,Limpopo Lillies,LIMP,D2,7,ELIMINATED_REGULAR_SEASON,7,0,0,7,,9,4,5,0,0,18,-0.535
CSA Women's Professional League 2023/24,23/24,List A,Lions,LION,D1,2,ELIMINATED_REGULAR_SEASON,2,0,0,2,,10,5,4,0,0,24,0.393
CSA Women's Professional T20 Competition 2023/24,23/24,T20,Lions,LION,D1,2,ELIMINATED_REGULAR_SEASON,2,0,0,2,,10,7,3,0,0,28,0.115
CSA Women's Professional T20 Competition 2023/24,23/24,T20,Rhinos,RHIN,D2,9,ELIMINATED_REGULAR_SEASON,9,0,0,9,,4,0,4,0,0,0,-1.688
CSA Women's Professional League 2023/24,23/24,List A,Rhinos,RHIN,D2,10,ELIMINATED_REGULAR_SEASON,10,0,0,10,,9,0,9,0,0,0,-1.64
CSA Women's Professional T20 Competition 2023/24,23/24,T20,Titans,TITA,D1,4,ELIMINATED_REGULAR_SEASON,4,0,0,4,,10,4,6,0,0,17,-0.716
CSA Women's Professional League 2023/24,23/24,List A,Titans,TITA,D1,4,ELIMINATED_REGULAR_SEASON,4,0,0,4,,10,4,6,0,0,19,0.188
CSA Women's Professional T20 Competition 2023/24,23/24,T20,Tuskers,TUSK,D2,8,ELIMINATED_REGULAR_SEASON,8,0,0,8,,4,1,3,0,0,5,-1.333
CSA Women's Professional League 2023/24,23/24,List A,Tuskers,TUSK,D2,6,ELIMINATED_REGULAR_SEASON,6,0,0,6,,9,4,5,0,0,19,-0.385
CSA Women's Professional T20 Competition 2023/24,23/24,T20,Warriors,EAST,D2,5,ELIMINATED_REGULAR_SEASON,5,0,0,5,,4,2,1,0,0,11,1.322
CSA Women's Professional League 2023/24,23/24,List A,Warriors,EAST,D2,,POOL_WINNER_ADVANCED,1,0,0,1,,9,8,0,0,0,41,2.62
CSA Women's Professional League 2023/24,23/24,List A,Western Province,WEST,D1,3,ELIMINATED_REGULAR_SEASON,3,0,0,3,,10,5,4,0,0,24,0.025
CSA Women's Professional T20 Competition 2023/24,23/24,T20,Western Province,WEST,D1,1,LEAGUE_WINNER,1,1,0,1,,10,8,1,0,0,37,1.006
Pro 20 2024/25,24/25,T20,Badgers,BADG,D1,6,ELIMINATED_REGULAR_SEASON,6,0,0,6,,10,1,9,0,0,4,-1.816
Pro 50 2024/25,24/25,List A,Badgers,BADG,D1,5,ELIMINATED_REGULAR_SEASON,5,0,0,5,,10,2,7,0,1,11,-1.608
Women's Provincial T20 Division 2 2024/25,24/25,T20,Boland,BOLA,D2,5,ELIMINATED_REGULAR_SEASON,5,0,0,5,,4,2,2,0,0,9,1.003
Women's Provincial One-day Division 2 2024/25,24/25,List A,Boland,BOLA,D2,7,ELIMINATED_REGULAR_SEASON,7,0,0,7,,9,3,4,0,0,18,-0.021
Pro 50 2024/25,24/25,List A,Dolphins,DOLP,D1,3,ELIMINATED_REGULAR_SEASON,3,0,0,3,,10,6,4,0,0,29,0.246
Pro 20 2024/25,24/25,T20,Dolphins,DOLP,D1,2,ELIMINATED_REGULAR_SEASON,2,0,0,2,,10,6,3,0,0,30,0.483
Women's Provincial T20 Division 2 2024/25,24/25,T20,Dragons,DRAG,D2,,POOL_WINNER_ADVANCED,1,0,0,1,,4,4,0,0,0,19,2.964
Women's Provincial One-day Division 2 2024/25,24/25,List A,Dragons,DRAG,D2,,POOL_WINNER_ADVANCED,1,0,0,1,,9,9,0,0,0,44,2.925
Women's Provincial T20 Division 2 2024/25,24/25,T20,Eastern Storm,STOR,D2,3,ELIMINATED_REGULAR_SEASON,3,0,0,3,,4,3,1,0,0,14,1.708
Women's Provincial One-day Division 2 2024/25,24/25,List A,Eastern Storm,STOR,D2,2,ELIMINATED_REGULAR_SEASON,2,0,0,2,,9,6,1,0,0,34,2.081
Women's Provincial T20 Division 2 2024/25,24/25,T20,Heat,HEAT,D2,6,ELIMINATED_REGULAR_SEASON,6,0,0,6,,4,2,2,0,0,9,-0.01
Women's Provincial One-day Division 2 2024/25,24/25,List A,Heat,HEAT,D2,4,ELIMINATED_REGULAR_SEASON,4,0,0,4,,9,3,3,0,0,21,0.037
Women's Provincial T20 Division 2 2024/25,24/25,T20,Iinyathi,IINY,D2,2,ELIMINATED_REGULAR_SEASON,2,0,0,2,,4,3,1,0,0,15,0.509
Women's Provincial T20 Division 2 2024/25,24/25,T20,Kei,KEI,D2,10,ELIMINATED_REGULAR_SEASON,10,0,0,10,,4,0,4,0,0,0,-3.257
Women's Provincial One-day Division 2 2024/25,24/25,List A,Kei,KEI,D2,10,ELIMINATED_REGULAR_SEASON,10,0,0,10,,9,0,9,0,0,0,-2.706
Pro 50 2024/25,24/25,List A,Knights,KNIG,D1,6,ELIMINATED_REGULAR_SEASON,6,0,0,6,,10,2,8,0,0,9,-0.604
Pro 20 2024/25,24/25,T20,Knights,KNIG,D1,5,ELIMINATED_REGULAR_SEASON,5,0,0,5,,10,2,7,0,0,10,-1.327
Women's Provincial T20 Division 2 2024/25,24/25,T20,Limpopo Lillies,LIMP,D2,7,ELIMINATED_REGULAR_SEASON,7,0,0,7,,4,2,2,0,0,9,-0.856
Women's Provincial One-day Division 2 2024/25,24/25,List A,Limpopo Lillies,LIMP,D2,8,ELIMINATED_REGULAR_SEASON,8,0,0,8,,9,3,4,0,0,18,-0.243
Pro 20 2024/25,24/25,T20,Lions,LION,D1,3,ELIMINATED_REGULAR_SEASON,3,0,0,3,,10,5,4,0,0,26,0.848
Pro 50 2024/25,24/25,List A,Lions,LION,D1,1,LEAGUE_WINNER,1,1,0,1,,10,8,2,0,0,39,1.082
Women's Provincial T20 Division 2 2024/25,24/25,T20,Rhinos,RHIN,D2,8,ELIMINATED_REGULAR_SEASON,8,0,0,8,,4,1,3,0,0,4,-2.399
Women's Provincial One-day Division 2 2024/25,24/25,List A,Rhinos,RHIN,D2,6,ELIMINATED_REGULAR_SEASON,6,0,0,6,,9,3,3,0,1,19,-0.711
Pro 50 2024/25,24/25,List A,Titans,TITA,D1,4,ELIMINATED_REGULAR_SEASON,4,0,0,4,,10,4,5,0,1,22,0.135
Pro 20 2024/25,24/25,T20,Titans,TITA,D1,4,ELIMINATED_REGULAR_SEASON,4,0,0,4,,10,5,5,0,0,23,0.225
Women's Provincial T20 Division 2 2024/25,24/25,T20,Tuskers,TUSK,D2,9,ELIMINATED_REGULAR_SEASON,9,0,0,9,,4,0,4,0,0,0,-1.185
Women's Provincial T20 Division 2 2024/25,24/25,T20,Warriors,EAST,D2,4,ELIMINATED_REGULAR_SEASON,4,0,0,4,,4,3,1,0,0,14,1.377
Women's Provincial One-day Division 2 2024/25,24/25,List A,Warriors,EAST,D2,3,ELIMINATED_REGULAR_SEASON,3,0,0,3,,9,4,3,0,0,24,0.604
Pro 50 2024/25,24/25,List A,Western Province,WEST,D1,2,ELIMINATED_REGULAR_SEASON,2,0,0,2,,10,7,3,0,0,33,0.757
Pro 20 2024/25,24/25,T20,Western Province,WEST,D1,1,LEAGUE_WINNER,1,1,0,1,,10,9,0,0,0,42,1.666
Women's Provincial One-day Division 2 2024/25,24/25,List A,Iinyathi,IINY,D2,5,ELIMINATED_REGULAR_SEASON,5,0,0,5,,9,3,4,1,0,20,0.075
Women's Provincial One-day Division 2 2024/25,24/25,List A,Tuskers,TUSK,D2,9,ELIMINATED_REGULAR_SEASON,9,0,0,9,,9,2,5,1,1,14,-1.432
Pro 20 2025/26,25/26,T20,Badgers,BADG,D1,,ELIMINATED_REGULAR_SEASON,6,0,0,6,,10,2,8,0,0,8,-0.85
Pro 50 2025/26,25/26,List A,Badgers,BADG,D1,,ELIMINATED_REGULAR_SEASON,5,0,0,5,,10,4,6,0,0,18,-0.433
Women's Provincial T20 Division 2 2025/26,25/26,T20,Boland,BOLA,D2,,POOL_WINNER_ADVANCED,1,0,0,1,,4,4,0,0,0,19,3.721
Women's Provincial One-day Division 2 2025/26,25/26,List A,Boland,BOLA,D2,2,ELIMINATED_REGULAR_SEASON,2,0,0,2,,9,7,2,0,0,35,1.844
Pro 20 2025/26,25/26,T20,Dolphins,DOLP,D1,,ELIMINATED_REGULAR_SEASON,4,0,0,4,,10,4,6,0,0,18,-0.513
Pro 50 2025/26,25/26,List A,Dolphins,DOLP,D1,,ELIMINATED_REGULAR_SEASON,4,0,0,4,,10,5,4,0,1,25,-0.037
Pro 50 2025/26,25/26,List A,Dragons,DRAG,D1,,ELIMINATED_REGULAR_SEASON,6,0,0,6,,10,2,7,0,0,11,-1.046
Women's Provincial T20 Division 2 2025/26,25/26,T20,Eastern Storm,STOR,D2,2,ELIMINATED_REGULAR_SEASON,2,0,0,2,,4,3,0,0,1,17,2.694
Women's Provincial One-day Division 2 2025/26,25/26,List A,Eastern Storm,STOR,D2,3,ELIMINATED_REGULAR_SEASON,3,0,0,3,,9,6,3,0,0,30,1.482
Women's Provincial T20 Division 2 2025/26,25/26,T20,Heat,HEAT,D2,5,ELIMINATED_REGULAR_SEASON,5,0,0,5,,4,2,2,0,0,8,-1.539
Women's Provincial One-day Division 2 2025/26,25/26,List A,Heat,HEAT,D2,7,ELIMINATED_REGULAR_SEASON,7,0,0,7,,9,3,6,0,0,14,-1.077
Women's Provincial T20 Division 2 2025/26,25/26,T20,Iinyathi,IINY,D2,8,ELIMINATED_REGULAR_SEASON,8,0,0,8,,4,1,3,0,0,4,-0.451
Women's Provincial One-day Division 2 2025/26,25/26,List A,Iinyathi,IINY,D2,10,ELIMINATED_REGULAR_SEASON,10,0,0,10,,9,1,8,0,0,5,-1.931
Women's Provincial T20 Division 2 2025/26,25/26,T20,Kei,KEI,D2,10,ELIMINATED_REGULAR_SEASON,10,0,0,10,,4,0,4,0,0,0,-1.809
Women's Provincial One-day Division 2 2025/26,25/26,List A,Kei,KEI,D2,9,ELIMINATED_REGULAR_SEASON,9,0,0,9,,9,2,7,0,0,9,-1.451
Women's Provincial T20 Division 2 2025/26,25/26,T20,Knights,KNIG,D2,9,ELIMINATED_REGULAR_SEASON,9,0,0,9,,4,0,4,0,0,0,-1.13
Women's Provincial One-day Division 2 2025/26,25/26,List A,Knights,KNIG,D2,5,ELIMINATED_REGULAR_SEASON,5,0,0,5,,9,5,4,0,0,23,-0.624
Women's Provincial T20 Division 2 2025/26,25/26,T20,Limpopo Lillies,LIMP,D2,7,ELIMINATED_REGULAR_SEASON,7,0,0,7,,4,1,2,0,0,6,-0.597
Women's Provincial One-day Division 2 2025/26,25/26,List A,Limpopo Lillies,LIMP,D2,4,ELIMINATED_REGULAR_SEASON,4,0,0,4,,9,6,3,0,0,29,0.554
Pro 50 2025/26,25/26,List A,Lions,LION,D1,2,RUNNER_UP,2,0,1,1,,10,5,2,0,1,30,0.878
Pro 20 2025/26,25/26,T20,Lions,LION,D1,2,RUNNER_UP,2,0,1,1,,10,8,1,0,1,39,0.911
Women's Provincial One-day Division 2 2025/26,25/26,List A,Rhinos,RHIN,D2,8,ELIMINATED_REGULAR_SEASON,8,0,0,8,,9,2,6,0,1,11,-0.814
Women's Provincial T20 Division 2 2025/26,25/26,T20,Rhinos,RHIN,D2,4,ELIMINATED_REGULAR_SEASON,4,0,0,4,,4,3,1,0,0,13,-0.816
Pro 50 2025/26,25/26,List A,Titans,TITA,D1,,ELIMINATED_REGULAR_SEASON,3,0,0,3,,10,5,3,0,1,26,0.138
Women's Provincial T20 Division 2 2025/26,25/26,T20,Tuskers,TUSK,D2,6,ELIMINATED_REGULAR_SEASON,6,0,0,6,,4,1,1,0,1,8,0.15
Women's Provincial One-day Division 2 2025/26,25/26,List A,Tuskers,TUSK,D2,6,ELIMINATED_REGULAR_SEASON,6,0,0,6,,9,3,5,0,1,17,-0.217
Women's Provincial T20 Division 2 2025/26,25/26,T20,Warriors,EAST,D2,3,ELIMINATED_REGULAR_SEASON,3,0,0,3,,4,3,1,0,0,15,0.988
Women's Provincial One-day Division 2 2025/26,25/26,List A,Warriors,EAST,D2,,POOL_WINNER_ADVANCED,1,0,0,1,,9,9,0,0,0,45,2.055
Pro 50 2025/26,25/26,List A,Western Province,WEST,D1,1,CHAMPION,1,1,0,2,,10,5,4,0,1,26,0.79
Pro 20 2025/26,25/26,T20,Western Province,WEST,D1,1,CHAMPION,1,1,0,2,,10,8,2,0,0,35,1.248
Pro 20 2025/26,25/26,T20,Dragons,DRAG,D1,,ELIMINATED_REGULAR_SEASON,5,0,0,5,,10,3,6,1,0,16,-1.006
Pro 20 2025/26,25/26,T20,Titans,TITA,D1,,ELIMINATED_REGULAR_SEASON,3,0,0,3,,10,3,5,1,1,20,0.363
