Venue_ID,Original_Name,Suggested_Name,City,Latitude,Longitude
1556,"Fort Hare University, Alice",Fort Hare University,Alice,-32.7884374,26.8365447
1559,"Willowmoore Park Main Oval, Benoni",Willowmoore Park Main Oval,Benoni,-26.1930356,28.3082376
1561,"Mangaung Oval, Bloemfontein",Bloemfontein Oval,Bloemfontein,-29.116395,26.215496
1563,"Schoeman Park A Ground, Bloemfontein",Schoeman Park A Ground,Bloemfontein,-29.116395,26.215496
1565,"University of Free State Ground, Bloemfontein",UFS Oval,Bloemfontein,-29.116395,26.215496
1567,"Brackenfell Sports Fields, Brackenfell",Brackenfell Sports Fields,Brackenfell,-33.883056,18.7
1574,"World Sports Betting Newlands, Cape Town",Newlands Stadium,Cape Town,-33.9288301,18.4172197
1577,"Northerns-Goodwood Cricket Club Oval, Cape Town",Northerns-Goodwood Oval,Cape Town,-33.9288301,18.4172197
1579,"RJE Burt Oval, Cape Town",RJE Burt Oval,Cape Town,-33.9288301,18.4172197
1581,"SuperSport Park, Centurion",Centurion Park,Centurion,-25.836389,28.180278
1582,"Chatsworth Stadium, Chatsworth",Chatsworth Stadium,Chatsworth,-29.9176727,30.8936758
1585,"Hollywoodbets Kingsmead, Durban",Kingsmead stadium,Durban,-29.861825,31.009909
1592,"Buffalo Park, East London",Buffalo Park,East London,-33.0191604,27.8998573
1595,"The Feathers, East London",The Feathers,East London,-33.0191604,27.8998573
1606,"Lenasia Stadium, Johannesburg",Lenasia Stadium,Johannesburg,-26.205,28.049722
1608,"Top Oval, Wanderers Club, Johannesburg",Top Oval,Johannesburg,-26.205,28.049722
1609,"DP World Wanderers Stadium, Johannesburg",Wanderers,Johannesburg,-26.205,28.049722
1610,"Alan Lawson Oval, Johannesburg",Alan Lawson Oval,Johannesburg,-26.205,28.049722
1618,"Christian Brothers College, Kimberley",CBC Oval,Kimberley,-28.7383012,24.7642251
1619,"Kimberley Oval, Kimberley",Kimberley Oval,Kimberley,-28.7383012,24.7642251
1628,"Recreation Ground, Oudtshoorn",Recreation Ground,Oudtshoorn,-33.5902954,22.204206
1629,"Boland Park, Paarl","Boland Park, Paarl",Paarl,-33.7310282,18.9642117
1630,"Paarl Cricket Club Ground, Paarl",Paarl Cricket Club Ground,Paarl,-33.7310282,18.9642117
1631,"City Oval, Pietermaritzburg",City Oval,Pietermaritzburg,-29.6,30.3788889
1635,"St George's Park, Gqeberha",St George's Park,Gqeberha,-33.9618598,25.6186731
1636,"Kemsley Park, Port Elizabeth",Kemsley Park,Port Elizabeth,-33.9618598,25.6186731
1638,"Union Ground, St George's Park, Port Elizabeth",St. George's Outer Oval,Port Elizabeth,-33.9618598,25.6186731
1641,"Absa Puk Oval, Potchefstroom",NWU Main Oval,Potchefstroom,-26.707778,27.095833
1642,"JB Marks Cricket Oval, Potchefstroom",Potchefstroom Oval,Potchefstroom,-26.707778,27.095833
1643,"South African Defence Force Ground, Potchefstroom",SANDF Oval,Potchefstroom,-26.707778,27.095833
1644,"Witrand Cricket Field, Potchefstroom",Witrand Cricket Field,Potchefstroom,-26.707778,27.095833
1648,"Laudium Oval, Pretoria",Laudium Oval,Pretoria,-25.7459277,28.1879101
1649,"LC de Villiers Oval, Pretoria",UP Main Oval,Pretoria,-25.7459277,28.1879101
1651,"Tshwane University of Technology Oval, Pretoria",TUT Oval,Pretoria,-25.7459277,28.1879101
1657,"Soweto Cricket Oval, Soweto",Soweto Cricket Oval,Soweto,-26.2227778,27.89
1661,"Oude Libertas, Stellenbosch Farmers Winery Ground, Stellenbosch",Oude Libertas Ground,Stellenbosch,-33.934444,18.869167
1662,"Stellenbosch University Ground, Stellenbosch",SU Main Oval,Stellenbosch,-33.934444,18.869167
1673,"Landau Recreation Club, South African Coal Estates, Witbank",Landau Rec Oval,Witbank,-25.8762409,29.2099962
1674,"Boland Park, Worcester","Boland Park, Worcester",Worcester,-33.646238,19.445927
1873,"St Alban's College Ground, Pretoria",St. Alban's Ground,Pretoria,-25.7459277,28.1879101
1887,"Vaal Reefs Cricket Club Ground, Orkney",Vaal Reefs Ground,Orkney,-26.975276,26.671926
2024,"University of Cape Town Bowl, Cape Town",UCT Bowl,Cape Town,-33.9288301,18.4172197
2270,"United Cricket Club Ground, East London",United CC Ground,East London,-33.0191604,27.8998573
2271,"Tokkie Park, Technikon, Bloemfontein",CUT Tokkie Park,Bloemfontein,-29.116395,26.215496
2480,"ABSA Oval, Johannesburg",UJ Main Oval,Johannesburg,-26.205,28.049722
2737,"Walter Milton Oval, University of Witwatersrand, Johannesburg",Walter Milton Oval,Johannesburg,-26.205,28.049722
2768,"Constantia Uitsig Cricket Oval, Constantia",Constantia Oval,Constantia,-34.0283333,18.4155556
2877,"Willowmoore Park A Field, Benoni",Willowmoore Park A Field,Benoni,-26.1930356,28.3082376
3222,"Willowmoore Park B Field, Benoni",Willowmoore Park B Field,Benoni,-26.1930356,28.3082376
3225,"University of the Western Cape Oval, Cape Town",UWC Main Oval,Cape Town,-33.9288301,18.4172197
3286,"Sinovich Park, Sinoville, Pretoria",Sinovich Park,Pretoria,-25.7459277,28.1879101
3287,"Modjadjiskloof Oval, Duiwelskloof",Modjadjiskloof Oval,Duiwelskloof,-23.69194,30.14055
3304,"Florida Park, Cape Town",Florida Park,Cape Town,-33.9288301,18.4172197
3319,"Gelvandale Oval, Port Elizabeth",Gelvandale Oval,Port Elizabeth,-33.9618598,25.6186731
3321,"Mohadin Oval, Potchefstroom",Mohadin Oval,Potchefstroom,-26.707778,27.095833
3367,"Police Ground, East London",Police Ground,East London,-33.0191604,27.8998573
3407,"The Vineyard, Cape Town",The Vineyard,Cape Town,-33.9288301,18.4172197
3431,"Hammondfield, Durban",Hammondfield,Durban,-29.861825,31.009909
3701,"Polokwane Cricket Club Ground, Polokwane",Polokwane Oval,Polokwane,-23.9058333,29.4613889
3857,"Aberdare Sports Ground, Port Elizabeth",Aberdare Sports Ground,Port Elizabeth,-33.9618598,25.6186731
3858,"Braam Fisherville, Dobsonville, Johannesburg",Braam Fisherville Ground,Johannesburg,-26.205,28.049722
4130,Bloemfontein,Bloemfontein,Bloemfontein,-29.116395,26.215496
4151,East London,East London,East London,-33.0191604,27.8998573
4203,Port Elizabeth,Port Elizabeth,Port Elizabeth,-33.9618598,25.6186731
4297,"St Andrews A, Bloemfontein",St Andrews A,Bloemfontein,-29.116395,26.215496
4391,"Despatch Cricket Club Ground, Despatch",Despatch Oval,Despatch,-33.798352,25.4687529
4542,"Columbus Oval, Middelburg",Columbus Oval,Middelburg,-25.7678012,29.4555234
4590,"Victory Park, Orkney",Victory Park,Orkney,-26.975276,26.671926
4723,"Pen Basson Field, Wellington",Pen Basson Field,Wellington,-33.643055,19.010556
4843,"Van der Stel Cricket Club Ground, Stellenbosch",Van der Stel Ground,Stellenbosch,-33.934444,18.869167
4844,"Paul Roos Gymnasium Ground, Stellenbosch",Paul Roos Oval,Stellenbosch,-33.934444,18.869167
4889,"North West University No 2 Ground, Potchefstroom",NWU 2 Oval,Potchefstroom,-26.707778,27.095833
5419,"LC de Villiers No 3 Oval, Pretoria",UP 3 Oval,Pretoria,-25.7459277,28.1879101
5438,"Irene Villagers Cricket Club Ground, Pretoria",Irene Villagers Ground,Pretoria,-25.7459277,28.1879101
5439,"LC de Villiers No 2 Oval, Pretoria",UP 2 Oval,Pretoria,-25.7459277,28.1879101
6254,"Bottom Oval, Wanderers Club, Johannesburg",Wanderers Club 2,Johannesburg,-26.205,28.049722
6317,"St George's Park No 2 Ground, Port Elizabeth",St. George's Outer Oval,Port Elizabeth,-33.9618598,25.6186731
6336,"Old Selbornian Club, East London",Old Selbornian Club,East London,-33.0191604,27.8998573
6641,"Bohemians Cricket Club Ground, East London",Bohemians Ground,East London,-33.0191604,27.8998573
7413,"SASOL Club, Secunda",SASOL Club,Secunda,-26.516111,29.202778
7414,"Ngumbela Park, Healdtown",Ngumbela Park,Healdtown,-32.7580251,26.641297
7490,"Central University of Technology, ABSA Oval, Bloemfontein",CUT Main Oval,Bloemfontein,-29.116395,26.215496
7629,"Johan Volsteedt Oval, Bloemfontein",Johan Volsteedt Oval,Bloemfontein,-29.116395,26.215496
7632,"Fichardtpark, Bloemfontein",Fichardtpark,Bloemfontein,-29.116395,26.215496
7634,"Grey College B Ground, Bloemfontein",Grey College B Ground,Bloemfontein,-29.116395,26.215496
7635,"St Andrew's School Hickling Field, Bloemfontein",St. Andrews Hickling,Bloemfontein,-29.116395,26.215496
7637,"University of Free State Field 1, Bloemfontein",UFS 2 Oval,Bloemfontein,-29.116395,26.215496
7638,"University of Free State Field 2, Bloemfontein",UFS 3 Oval,Bloemfontein,-29.116395,26.215496
7639,"University of Free State Field 3, Bloemfontein",UFS 4 Oval,Bloemfontein,-29.116395,26.215496
7640,"St Andrew's School Vossie's Field, Bloemfontein",St. Andrews Vossie,Bloemfontein,-29.116395,26.215496
7641,"Windmill Park, Bloemfontein",Windmill Park,Bloemfontein,-29.116395,26.215496
7858,"Victoria Park High School, Port Elizabeth",Victoria Park High School,Port Elizabeth,-33.9618598,25.6186731
7945,"Sir Lionel Phillips Park, Johannesburg",Sir Lionel Phillips Park,Johannesburg,-26.205,28.049722
8008,"Sturrock Park, Johannesburg",Sturrock Park,Johannesburg,-26.205,28.049722
8021,"Varsity Oval, Pietermaritzburg",Varsity Oval,Pietermaritzburg,-29.6,30.3788889
8107,"Pinelands Oval, Cape Town",Pinelands Oval,Cape Town,-33.9288301,18.4172197
8309,"Country Club B Field, Kimberley",Country Club B Field,Kimberley,-28.7383012,24.7642251
8310,"Old Mutual Sports Club Ground, Cape Town",Old Mutual Sports Club Ground,Cape Town,-33.9288301,18.4172197
8311,"Khaya Majola Oval, Mthatha",Khaya Majola Oval,Mthatha,-31.5895919,28.787774
8312,"Bridgton Sports Grounds, Oudtshoorn",Bridgton Sports Grounds,Oudtshoorn,-33.5902954,22.204206
8313,"Yorkshire Cricket Club Ground, Kimberley",Yorkshire Cricket Club Ground,Kimberley,-28.7383012,24.7642251
8314,"Joburg Cricket Club Ground, Johannesburg",Joburg Cricket Club Ground,Johannesburg,-26.205,28.049722
8324,"LC de Villiers No 4 Oval, Pretoria",UP 4 Oval,Pretoria,-25.7459277,28.1879101
8663,"Carter High School, Pietermaritzburg",Carter High School,Pietermaritzburg,-29.6,30.3788889
8874,"Somerset College, Somerset West",Somerset College,Somerset West,-34.0822195,18.8489342
9815,"Old Greys Sports Ground, Bloemfontein",Old Greys Sports Ground,Bloemfontein,-29.116395,26.215496
9858,"Northerns Cricket Club A Ground, Benoni",Northerns Cricket Club A Ground,Benoni,-26.1930356,28.3082376
9860,"University of Free State Field 4, Bloemfontein",UFS 4 Oval,Bloemfontein,-29.116395,26.215496
9863,"Grey College A Ground, Bloemfontein",Grey College A Ground,Bloemfontein,-29.116395,26.215496
9894,"Cambridge High School, East London",Cambridge High School,East London,-33.0191604,27.8998573
9906,"Defence Ground, Kimberley",Defence Ground,Kimberley,-28.7383012,24.7642251
9908,"Kimberley Boys' High School, Kimberley",Kimberley Boys' High School,Kimberley,-28.7383012,24.7642251
9911,"O'Grady's, Kimberley",O'Grady's,Kimberley,-28.7383012,24.7642251
9929,"Wine Farm Cricket Field, Distell",Wine Farm Cricket Field,Distell,-33.9718647,22.4722501
9934,"Tassies Oval, Stellenbosch",Tassies Oval,Stellenbosch,-33.934444,18.869167
9936,"Dan Qeqe Stadium, Port Elizabeth",Dan Qeqe Stadium,Port Elizabeth,-33.9618598,25.6186731
9941,"Woodridge College Rushmere, Gqeberha",Woodridge College Rushmere,Gqeberha,-33.9618598,25.6186731
9948,"Potchefstroom Boys High School A Ground, Potchefstroom",Potch Boys High Oval,Potchefstroom,-26.707778,27.095833
10054,"Randburg Cricket Club, Johannesburg",Randburg Cricket Club,Johannesburg,-26.205,28.049722
10837,"Ingwenyama Conference Centre and Sports Resort Ground, White River",Ingwenyama Ground,White River,-25.326389,31.014444
10838,"Heatherbank Cricket Club, Port Elizabeth",Heatherbank Cricket Club,Port Elizabeth,-33.9618598,25.6186731
10842,"Middleburg Cricket Club, Witbank",Middleburg Cricket Club,Witbank,-25.8762409,29.2099962
11029,"Westville Boys High School, Durban",Westville Boys High School,Durban,-29.861825,31.009909
11034,"Baytopp Field, St Stithians College, Johannesburg",St. Stithians Baytopp,Johannesburg,-26.205,28.049722
11035,"Jameson 1 Field, St Stithians College, Johannesburg",St. Stithians Jameson,Johannesburg,-26.205,28.049722
11037,"Andries Dlamini Oval, St Stithians College, Johannesburg",St. Stithians Dlamini,Johannesburg,-26.205,28.049722
12124,"Groenkloof Oval, Pretoria",Groenkloof Oval,Pretoria,-25.7459277,28.1879101
12867,"University of KwaZulu-Natal Varsity 4, Durban",UKZN 4 Oval,Durban,-29.861825,31.009909
13036,"Christian Brothers College Ground, Bloemfontein",CBC Oval,Bloemfontein,-29.116395,26.215496
13037,"Grootvlei Oval, Bloemfontein",Grootvlei Oval,Bloemfontein,-29.116395,26.215496
13042,"Hertzog High School, Emalahleni",Hertzog High School,Emalahleni,-25.8762409,29.2099962
13051,"Maurice Freeman Park, Hope Village, Johannesburg",Freeman Park Ground,Johannesburg,-26.205,28.049722
13053,"Correctional Services Ground, Kimberley",Correctional Services Ground,Kimberley,-28.7383012,24.7642251
13054,"West End Cricket Club Ground, Kimberley",West End Cricket Club Ground,Kimberley,-28.7383012,24.7642251
13056,"Easterns Cricket Club Ground, Kraaifontein",Easterns Cricket Club Ground,Kraaifontein,-33.8477778,18.7161111
13057,"Van Riebeeck Stadium, Mossel Bay",Van Riebeeck Stadium,Mossel Bay,-34.1832022,22.1536248
13058,"Langenhoven Gimnasium, Oudtshoorn",Langenhoven Gimnasium,Oudtshoorn,-33.5902954,22.204206
13059,"Military Ground, Oudtshoorn",Military Ground,Oudtshoorn,-33.5902954,22.204206
13060,"Parys A Ground, Paarl",Parys A Ground,Paarl,-33.7310282,18.9642117
13061,"Collegians Cricket Club Ground, Pietermaritzburg",Collegians Ground,Pietermaritzburg,-29.6,30.3788889
13062,"Varsity Oval 2, Pietermaritzburg",Varsity Oval 2,Pietermaritzburg,-29.6,30.3788889
13063,"Woodlands, Pietermaritzburg",Woodlands,Pietermaritzburg,-29.6,30.3788889
13065,"Polokwane Cricket Club 2 Ground, Polokwane",Polokwane Outer Oval,Polokwane,-23.9058333,29.4613889
13066,"Capricorn High School, Polokwane",Capricorn High School,Polokwane,-23.9058333,29.4613889
13067,"Nirvana, Polokwane",Nirvana,Polokwane,-23.9058333,29.4613889
13071,"Victoria Pirates Ground, Port Elizabeth",Victoria Pirates Ground,Port Elizabeth,-33.9618598,25.6186731
13074,"Stapelberg Stadium, Potchefstroom",Stapelberg Stadium,Potchefstroom,-26.707778,27.095833
13079,"Pullenshope Cricket Club Ground, Pullenshope",Pullens Hope Ground,Pullenshope,-26.015,29.5922222
13080,"Fields College Ground, Rustenburg",Fields College Ground,Rustenburg,-25.665655,27.241448
13086,"Tshwane University of Techonology, Witbank",TUT Witbank,Witbank,-25.8762409,29.2099962
13087,"Witbank High School Ground, Witbank",Witbank High School Ground,Witbank,-25.8762409,29.2099962
13206,"University of Johannesburg West Sports Oval 1, Johannesburg",UJ West Oval,Johannesburg,-26.205,28.049722
13354,"Pearson High School, Port Elizabeth",Pearson High School,Port Elizabeth,-33.9618598,25.6186731
13908,"Oudtshoorn High School, Oudtshoorn",Oudtshoorn High School,Oudtshoorn,-33.5902954,22.204206
13966,"Hammanskraal Oval, Hammanskraal",Hammanskraal Oval,Hammanskraal,-25.4083333,28.2872222
14184,"Cecil Payne Stadium, Roodepoort",Cecil Payne Stadium,Roodepoort,-26.1563889,27.8858333
14232,"Muir Old Boys Club Ground, Uitenhage",Muir Old Boys Club Ground,Uitenhage,-33.7678979,25.3978174
14417,"St Andrew's School Chapel Field, Bloemfontein",St. Andrews Chapel,Bloemfontein,-29.116395,26.215496
14429,"Uplands College, White River",Uplands College,White River,-25.326389,31.014444
14431,"White River Country Club, White River",White River Country Club,White River,-25.326389,31.014444
14754,"Steyn School, Dainfern",Steyn School,Dainfern,-25.9847399,27.9967809
14765,"Cambridge Academy, Emalahleni",Cambridge Academy,Emalahleni,-25.8762409,29.2099962
14801,"St Dominic's Priory School, Port Elizabeth",St Dominic's Priory School,Port Elizabeth,-33.9618598,25.6186731
15339,"Westering High School, Gqeberha",Westering High School,Gqeberha,-33.9618598,25.6186731
15406,"Union Cricket Ground, Witbank",Union Cricket Ground,Witbank,-25.8762409,29.2099962
15421,"Summerwood Primary School, Gqeberha",Summerwood Primary School,Gqeberha,-33.9618598,25.6186731
15422,"Steyn City, Johannesburg",Steyn City,Johannesburg,-26.205,28.049722
16592,"St Benedict's Main Oval, Johannesburg",St Benedict's Main Oval,Johannesburg,-26.205,28.049722
16807,"Nelson Mandela University, George",NMMU Main Oval,George,-33.9597212,22.4587148
17042,"Greenbushes-Caledonian Cricket Club, Gqeberha",Greenbushes-Caledonian Cricket Club,Gqeberha,-33.9618598,25.6186731
